r1,r2,a11,a22,a12,a21,N1,N2,Outcome,FE1,FE2,SoS1,SoS2,CA1,CA2,CE1,CE2,CE_outcome,Rank,CoexistRank,Asy,Rare,rarer_SLS,rarer_CLS
15.0,19.0,0.4,0.5,0.3,0.1,9.411800245045988,34.11763788259452,1,0.7894736842105263,1.2666666666666666,1.271186440677966,4.222222222222222,40.4145188432738,80.49844718999243,10.666666666666655,145.0,global_coexistence,2,1,-2.951035781544256,0.2162169017079419,0.8,1.1666666666666667
15.0,20.0,0.4,0.5,0.3,0.1,7.647104713082463,36.47057700693191,1,0.75,1.3333333333333333,1.2096774193548383,4.444444444444445,40.4145188432738,84.970583144992,8.666666666666657,155.0,global_coexistence,2,1,-3.234767025089606,0.173334237315858,0.8,1.1666666666666667
16.0,20.0,0.4,0.5,0.3,0.1,10.588266407077109,35.882344785034164,1,0.8,1.25,1.290322580645161,4.2105263157894735,43.30127018922192,84.970583144992,11.999999999999991,152.5,global_coexistence,2,1,-2.9202037351443124,0.2278486582262672,0.8,1.1666666666666667
15.0,17.0,0.5,0.6,0.4,0.1,7.6923381400323425,25.38460874040511,1,0.8823529411764706,1.1333333333333333,1.2857142857142856,4.473684210526315,31.304951684997057,65.31972647421809,8.333333333333332,132.0,global_coexistence,2,1,-3.187969924812029,0.2325588926885445,0.8333333333333334,1.2857142857142858
15.0,18.0,0.5,0.6,0.4,0.1,6.153889450207691,27.307683417254754,1,0.8333333333333334,1.2,1.2162162162162162,4.7368421052631575,31.304951684997057,69.40220937885671,6.666666666666664,142.0,global_coexistence,2,1,-3.5206258890469413,0.1839091507916427,0.8333333333333334,1.2857142857142858
15.0,19.0,0.5,0.6,0.4,0.1,4.615443804282638,29.23075774931131,1,0.7894736842105263,1.2666666666666666,1.1538461538461535,5.0,31.304951684997057,73.48469228349535,5.0,152.0,global_coexistence,2,1,-3.8461538461538463,0.1363651929146108,0.8333333333333334,1.2857142857142858
15.0,20.0,0.5,0.6,0.4,0.1,3.077024575711988,31.15382749049861,1,0.75,1.3333333333333333,1.097560975609756,5.263157894736842,31.304951684997057,77.56717518813397,3.333333333333332,162.0,global_coexistence,2,1,-4.165596919127085,0.0898903880557893,0.8333333333333334,1.2857142857142858
16.0,18.0,0.5,0.6,0.4,0.1,8.461566605108418,26.92307072871862,1,0.8888888888888888,1.125,1.2972972972972971,4.5,33.54101966249684,69.40220937885671,9.166666666666664,140.0,global_coexistence,2,1,-3.202702702702702,0.2391310818104478,0.8333333333333334,1.2857142857142858
16.0,19.0,0.5,0.6,0.4,0.1,6.92312123504145,28.846144637333083,1,0.8421052631578947,1.1875,1.2307692307692306,4.75,33.54101966249684,73.48469228349535,7.5,150.0,global_coexistence,2,1,-3.519230769230769,0.1935494359806904,0.8333333333333334,1.2857142857142858
16.0,20.0,0.5,0.6,0.4,0.1,5.384672324065408,30.769219557441303,1,0.8,1.25,1.170731707317073,5.0,33.54101966249684,77.56717518813397,5.833333333333332,160.0,global_coexistence,2,1,-3.829268292682927,0.1489375567563655,0.8333333333333334,1.2857142857142858
17.0,19.0,0.5,0.6,0.4,0.1,9.230796674729016,28.461532375250187,1,0.8947368421052632,1.1176470588235294,1.3076923076923077,4.523809523809524,35.77708763999664,73.48469228349535,10.0,148.0,global_coexistence,2,1,-3.216117216117216,0.2448985485213498,0.8333333333333334,1.2857142857142858
17.0,20.0,0.5,0.6,0.4,0.1,7.692349329363539,30.38460663921259,1,0.85,1.1764705882352942,1.2439024390243902,4.761904761904762,35.77708763999664,77.56717518813397,8.333333333333332,158.0,global_coexistence,2,1,-3.5180023228803714,0.202021121008513,0.8333333333333334,1.2857142857142858
15.0,20.0,0.5,0.7000000000000001,0.4,0.1,7.096808626495802,26.12902594570645,1,0.75,1.3333333333333333,1.2650602409638556,5.263157894736842,31.304951684997057,71.81324987175317,7.857142857142861,162.0,global_coexistence,2,1,-3.998097653772986,0.2135930885670877,0.7142857142857142,1.125
15.0,19.0,0.6,0.7000000000000001,0.4,0.1,6.842129953087154,24.7368373287112,1,0.7894736842105263,1.2666666666666666,1.329113924050633,5.7,28.57738033247041,68.0336051416609,9.285714285714288,156.66666666666666,global_coexistence,2,1,-4.370886075949367,0.2166673118861254,0.857142857142857,1.25
15.0,20.0,0.6,0.7000000000000001,0.4,0.1,5.7895085604801375,26.3157830803282,1,0.75,1.3333333333333333,1.2650602409638556,6.0,28.57738033247041,71.81324987175317,7.857142857142861,166.66666666666666,global_coexistence,2,1,-4.734939759036145,0.1803287951797086,0.857142857142857,1.25
16.0,20.0,0.6,0.7000000000000001,0.4,0.1,7.631604762906053,26.05262650786152,1,0.8,1.25,1.349397590361446,5.7142857142857135,30.618621784789728,71.81324987175317,10.35714285714286,165.0,global_coexistence,2,1,-4.364888123924268,0.226563126869665,0.857142857142857,1.25
15.0,20.0,0.7000000000000001,0.8,0.4,0.1,6.923099915509345,22.884611182283702,1,0.75,1.3333333333333333,1.4285714285714286,6.666666666666667,26.457513110645905,67.175144212722,11.25,170.0,global_coexistence,2,1,-5.238095238095238,0.2322586894644832,0.875,1.2222222222222223
15.0,16.0,0.6,0.7000000000000001,0.5,0.1,6.21625082584394,20.54053408839183,1,0.9375,1.0666666666666669,1.2804878048780488,4.8,25.56038601690776,56.69467095138408,6.571428571428573,126.66666666666666,global_coexistence,2,1,-3.5195121951219512,0.2323242813278596,0.857142857142857,1.375
15.0,17.0,0.6,0.7000000000000001,0.5,0.1,4.864907014469959,22.162154799266503,1,0.8823529411764706,1.1333333333333333,1.206896551724138,5.1,25.56038601690776,60.47431568147635,5.142857142857146,136.66666666666666,global_coexistence,2,1,-3.8931034482758617,0.1800013278541945,0.857142857142857,1.375
15.0,18.0,0.6,0.7000000000000001,0.5,0.1,3.513581706950085,23.78377257159171,1,0.8333333333333334,1.2,1.1413043478260871,5.4,25.56038601690776,64.25396041156863,3.7142857142857153,146.66666666666666,global_coexistence,2,1,-4.2586956521739125,0.1287151007785424,0.857142857142857,1.375
15.0,19.0,0.6,0.7000000000000001,0.5,0.1,2.162277102709699,25.40538754889349,1,0.7894736842105263,1.2666666666666666,1.082474226804124,5.7,25.56038601690776,68.0336051416609,2.2857142857142883,156.66666666666666,global_coexistence,2,1,-4.617525773195876,0.0784352657374607,0.857142857142857,1.375
15.0,20.0,0.6,0.7000000000000001,0.5,0.1,0.8111500560395218,27.026977059906528,1,0.75,1.3333333333333333,1.0294117647058825,6.0,25.56038601690776,71.81324987175317,0.8571428571428612,166.66666666666666,global_coexistence,2,1,-4.970588235294118,0.0291380972815115,0.857142857142857,1.375
16.0,17.0,0.6,0.7000000000000001,0.5,0.1,6.756786061095426,21.891886403655576,1,0.9411764705882352,1.0625,1.2873563218390809,4.857142857142857,27.386127875258307,60.47431568147635,7.142857142857146,135.0,global_coexistence,2,1,-3.569786535303776,0.235849883425101,0.857142857142857,1.375
16.0,18.0,0.6,0.7000000000000001,0.5,0.1,5.405446161416608,23.51350633320595,1,0.8888888888888888,1.125,1.2173913043478264,5.142857142857142,27.386127875258307,64.25396041156863,5.714285714285715,145.0,global_coexistence,2,1,-3.925465838509316,0.1869170801543293,0.857142857142857,1.375
16.0,19.0,0.6,0.7000000000000001,0.5,0.1,4.054116563353384,25.13512473448142,1,0.8421052631578947,1.1875,1.154639175257732,5.428571428571428,27.386127875258307,68.0336051416609,4.285714285714288,155.0,global_coexistence,2,1,-4.273932253313696,0.1388907824628559,0.857142857142857,1.375
16.0,20.0,0.6,0.7000000000000001,0.5,0.1,2.702802292817008,26.756741053354688,1,0.8,1.25,1.0980392156862746,5.7142857142857135,27.386127875258307,71.81324987175317,2.857142857142861,165.0,global_coexistence,2,1,-4.616246498599439,0.091746238597695,0.857142857142857,1.375
17.0,18.0,0.6,0.7000000000000001,0.5,0.1,7.2973297081574,23.24323714869317,1,0.9444444444444444,1.0588235294117647,1.2934782608695654,4.909090909090908,29.21186973360886,64.25396041156863,7.714285714285715,143.33333333333334,global_coexistence,2,1,-3.615612648221343,0.2389389084479462,0.857142857142857,1.375
17.0,19.0,0.6,0.7000000000000001,0.5,0.1,5.9459885178717125,24.864857308093907,1,0.8947368421052632,1.1176470588235294,1.2268041237113405,5.181818181818182,29.21186973360886,68.0336051416609,6.285714285714288,153.33333333333334,global_coexistence,2,1,-3.955014058106842,0.192983618543207,0.857142857142857,1.375
17.0,20.0,0.6,0.7000000000000001,0.5,0.1,4.594653876216712,26.48647651829255,1,0.85,1.1764705882352942,1.1666666666666667,5.454545454545454,29.21186973360886,71.81324987175317,4.857142857142861,163.33333333333334,global_coexistence,2,1,-4.287878787878787,0.1478277597338736,0.857142857142857,1.375
18.0,19.0,0.6,0.7000000000000001,0.5,0.1,7.837866532712876,24.59458917952578,1,0.9473684210526316,1.0555555555555556,1.2989690721649485,4.956521739130435,31.03761159195941,68.0336051416609,8.285714285714288,151.66666666666666,global_coexistence,2,1,-3.6575526669654863,0.2416673779579136,0.857142857142857,1.375
18.0,20.0,0.6,0.7000000000000001,0.5,0.1,6.486525205786319,26.21620929728037,1,0.9,1.1111111111111112,1.235294117647059,5.217391304347826,31.03761159195941,71.81324987175317,6.857142857142861,161.66666666666666,global_coexistence,2,1,-3.9820971867007673,0.1983480985413634,0.857142857142857,1.375
19.0,20.0,0.6,0.7000000000000001,0.5,0.1,8.378411566745127,25.94593966296855,1,0.95,1.0526315789473684,1.3039215686274512,5.0,32.86335345030997,71.81324987175317,8.857142857142861,160.0,global_coexistence,2,1,-3.6960784313725488,0.2440952637581729,0.857142857142857,1.375
15.0,18.0,0.6,0.8,0.5,0.1,6.279098126126322,20.46511162478952,1,0.8333333333333334,1.2,1.2903225806451613,5.4,25.56038601690776,60.10407640085653,6.75,146.66666666666666,global_coexistence,2,1,-4.109677419354838,0.2347834609662114,0.7499999999999999,1.2222222222222223
15.0,19.0,0.6,0.8,0.5,0.1,5.116317018633396,21.86045923367956,1,0.7894736842105263,1.2666666666666666,1.2244897959183674,5.7,25.56038601690776,63.63961030678927,5.5,156.66666666666666,global_coexistence,2,1,-4.475510204081633,0.1896563537014446,0.7499999999999999,1.2222222222222223
15.0,20.0,0.6,0.8,0.5,0.1,3.953541969258269,23.255806079068872,1,0.75,1.3333333333333333,1.1650485436893203,6.0,25.56038601690776,67.175144212722,4.25,166.66666666666666,global_coexistence,2,1,-4.83495145631068,0.1453008709446582,0.7499999999999999,1.2222222222222223
16.0,19.0,0.6,0.8,0.5,0.1,6.976774061638014,21.62790201383629,1,0.8421052631578947,1.1875,1.3061224489795915,5.428571428571428,27.386127875258307,63.63961030678927,7.5,155.0,global_coexistence,2,1,-4.122448979591836,0.2439032710326655,0.7499999999999999,1.2222222222222223
16.0,20.0,0.6,0.8,0.5,0.1,5.813988624487108,23.023250284560604,1,0.8,1.25,1.2427184466019416,5.7142857142857135,27.386127875258307,67.175144212722,6.25,165.0,global_coexistence,2,1,-4.471567267683772,0.201613914661676,0.7499999999999999,1.2222222222222223
15.0,17.0,0.7000000000000001,0.8,0.5,0.1,6.274533348324464,19.21568216719201,1,0.8823529411764706,1.1333333333333333,1.3636363636363635,5.666666666666667,23.664319132398465,56.56854249492379,8.0,140.0,global_coexistence,2,1,-4.303030303030304,0.2461545821181862,0.875,1.3333333333333337
15.0,18.0,0.7000000000000001,0.8,0.5,0.1,5.294148229340951,20.58823027503209,1,0.8333333333333334,1.2,1.2903225806451613,6.0,23.664319132398465,60.10407640085653,6.75,150.0,global_coexistence,2,1,-4.709677419354839,0.2045464341094641,0.875,1.3333333333333337
15.0,19.0,0.7000000000000001,0.8,0.5,0.1,4.31376435819217,21.960778288762825,1,0.7894736842105263,1.2666666666666666,1.2244897959183674,6.333333333333333,23.664319132398465,63.63961030678927,5.5,160.0,global_coexistence,2,1,-5.108843537414966,0.1641803785571164,0.875,1.3333333333333337
15.0,20.0,0.7000000000000001,0.8,0.5,0.1,3.333394144600592,23.33332439912556,1,0.75,1.3333333333333333,1.1650485436893203,6.666666666666667,23.664319132398465,67.175144212722,4.25,170.0,global_coexistence,2,1,-5.501618122977346,0.1250020372448426,0.875,1.3333333333333337
16.0,19.0,0.7000000000000001,0.8,0.5,0.1,5.882385564435348,21.764700463149232,1,0.8421052631578947,1.1875,1.3061224489795915,6.045454545454546,25.354627641855497,63.63961030678927,7.5,158.57142857142858,global_coexistence,2,1,-4.739332096474954,0.2127669280793737,0.875,1.3333333333333337
16.0,20.0,0.7000000000000001,0.8,0.5,0.1,4.901997276746297,23.137249159237832,1,0.8,1.25,1.2427184466019416,6.363636363636364,25.354627641855497,67.175144212722,6.25,168.57142857142858,global_coexistence,2,1,-5.120917917034422,0.1748262845771534,0.875,1.3333333333333337
17.0,20.0,0.7000000000000001,0.8,0.5,0.1,6.470617423745189,22.94117156973397,1,0.85,1.1764705882352942,1.3203883495145632,6.086956521739131,27.04493615131253,67.175144212722,8.25,167.14285714285714,global_coexistence,2,1,-4.766568172224567,0.2200008107354427,0.875,1.3333333333333337
15.0,20.0,0.6,0.9,0.5,0.1,6.326563777722291,20.408158404392573,1,0.75,1.3333333333333333,1.2980769230769231,6.0,25.56038601690776,63.33333333333332,6.888888888888889,166.66666666666666,global_coexistence,2,1,-4.701923076923077,0.2366422113768838,0.6666666666666666,1.1
15.0,19.0,0.7000000000000001,0.9,0.5,0.1,6.2069180505389046,19.3103415021078,1,0.7894736842105263,1.2666666666666666,1.3636363636363635,6.333333333333333,23.664319132398465,59.99999999999999,8.0,160.0,global_coexistence,2,1,-4.96969696969697,0.2432439125264574,0.7777777777777778,1.2000000000000002
15.0,20.0,0.7000000000000001,0.9,0.5,0.1,5.344855932978509,20.51723722480813,1,0.75,1.3333333333333333,1.2980769230769231,6.666666666666667,23.664319132398465,63.33333333333332,6.888888888888889,170.0,global_coexistence,2,1,-5.368589743589744,0.2066675694178784,0.7777777777777778,1.2000000000000002
15.0,19.0,0.8,0.9,0.5,0.1,5.373159638367191,19.40298115976671,1,0.7894736842105263,1.2666666666666666,1.3636363636363635,6.909090909090909,22.13594362117865,59.99999999999999,8.0,162.5,global_coexistence,2,1,-5.545454545454546,0.2168683041538046,0.888888888888889,1.3
15.0,20.0,0.8,0.9,0.5,0.1,4.626897427086339,20.597010271421315,1,0.75,1.3333333333333333,1.2980769230769231,7.272727272727272,22.13594362117865,63.33333333333332,6.888888888888889,172.5,global_coexistence,2,1,-5.974650349650349,0.1834330145190027,0.888888888888889,1.3
16.0,20.0,0.8,0.9,0.5,0.1,5.970170749663042,20.44775781782509,1,0.8,1.25,1.3846153846153846,6.956521739130435,23.717082451262844,63.33333333333332,8.88888888888889,171.25,global_coexistence,2,1,-5.5719063545150505,0.2259893592493992,0.888888888888889,1.3
15.0,16.0,0.7000000000000001,0.8,0.6,0.1,4.400040358574465,18.199993728553054,1,0.9375,1.0666666666666669,1.2244897959183676,5.333333333333333,21.602468994692867,53.03300858899105,4.583333333333336,130.0,global_coexistence,2,1,-4.108843537414965,0.1946917576146768,0.875,1.4444444444444444
15.0,17.0,0.7000000000000001,0.8,0.6,0.1,3.200066397981828,19.59999033004854,1,0.8823529411764706,1.1333333333333333,1.153846153846154,5.666666666666667,21.602468994692867,56.56854249492379,3.333333333333336,140.0,global_coexistence,2,1,-4.512820512820513,0.1403534401757724,0.875,1.4444444444444444
15.0,18.0,0.7000000000000001,0.8,0.6,0.1,2.0001035090014336,20.999985808970017,1,0.8333333333333334,1.2,1.090909090909091,6.0,21.602468994692867,60.10407640085653,2.083333333333336,150.0,global_coexistence,2,1,-4.909090909090909,0.0869606844282393,0.875,1.4444444444444444
15.0,19.0,0.7000000000000001,0.8,0.6,0.1,0.8002816486951756,22.399963509445595,1,0.7894736842105263,1.2666666666666666,1.0344827586206895,6.333333333333333,21.602468994692867,63.63961030678927,0.8333333333333357,160.0,global_coexistence,2,1,-5.298850574712644,0.0344945341413499,0.875,1.4444444444444444
15.0,20.0,0.7000000000000001,0.8,0.6,0.1,0.0005901500823975,23.749924933968163,0,0.75,1.3333333333333333,0.9836065573770492,6.666666666666667,21.602468994692867,67.175144212722,-0.4166666666666643,170.0,global_competitive_exclusion,2,0,-5.683060109289618,2.4847885627284945e-05,0.875,1.4444444444444444
16.0,17.0,0.7000000000000001,0.8,0.6,0.1,4.800040529302146,19.399993673232583,1,0.9411764705882352,1.0625,1.2307692307692308,5.409090909090909,23.145502494313785,56.56854249492379,5.0,138.57142857142858,global_coexistence,2,1,-4.178321678321678,0.1983485018711001,0.875,1.4444444444444444
16.0,18.0,0.7000000000000001,0.8,0.6,0.1,3.600062474510559,20.799990824157085,1,0.8888888888888888,1.125,1.1636363636363638,5.727272727272728,23.145502494313785,60.10407640085653,3.75,148.57142857142858,global_coexistence,2,1,-4.563636363636364,0.1475432217480909,0.875,1.4444444444444444
16.0,19.0,0.7000000000000001,0.8,0.6,0.1,2.4000912053266514,22.19998734697084,1,0.8421052631578947,1.1875,1.1034482758620692,6.045454545454546,23.145502494313785,63.63961030678927,2.5,158.57142857142858,global_coexistence,2,1,-4.9420062695924765,0.0975643716024841,0.875,1.4444444444444444
16.0,20.0,0.7000000000000001,0.8,0.6,0.1,1.2001971821178368,23.599974072600148,1,0.8,1.25,1.0491803278688523,6.363636363636364,23.145502494313785,67.175144212722,1.25,168.57142857142858,global_coexistence,2,1,-5.314456035767512,0.0483947134796301,0.875,1.4444444444444444
17.0,18.0,0.7000000000000001,0.8,0.6,0.1,5.200042109992161,20.599993400097624,1,0.9444444444444444,1.0588235294117647,1.2363636363636366,5.478260869565218,24.688535993934703,60.10407640085653,5.416666666666668,147.14285714285714,global_coexistence,2,1,-4.241897233201581,0.2015517423593679,0.875,1.4444444444444444
17.0,19.0,0.7000000000000001,0.8,0.6,0.1,4.000055666723887,21.99999176276709,1,0.8947368421052632,1.1176470588235294,1.1724137931034484,5.782608695652174,24.688535993934703,63.63961030678927,4.166666666666668,157.14285714285714,global_coexistence,2,1,-4.610194902548725,0.1538480142227263,0.875,1.4444444444444444
17.0,20.0,0.7000000000000001,0.8,0.6,0.1,2.8000796108947306,23.39998883902455,1,0.85,1.1764705882352942,1.114754098360656,6.086956521739131,24.688535993934703,67.175144212722,2.916666666666668,167.14285714285714,global_coexistence,2,1,-4.972202423378475,0.1068729883758512,0.875,1.4444444444444444
18.0,19.0,0.7000000000000001,0.8,0.6,0.1,5.600036531172309,21.79999425413275,1,0.9473684210526316,1.0555555555555556,1.2413793103448278,5.541666666666667,26.23156949355562,63.63961030678927,5.833333333333336,155.71428571428572,global_coexistence,2,1,-4.300287356321839,0.204380665666101,0.875,1.4444444444444444
18.0,20.0,0.7000000000000001,0.8,0.6,0.1,4.400053316889474,23.199992057935283,1,0.9,1.1111111111111112,1.1803278688524592,5.833333333333334,26.23156949355562,67.175144212722,4.583333333333336,165.71428571428572,global_coexistence,2,1,-4.6530054644808745,0.1594219595342753,0.875,1.4444444444444444
19.0,20.0,0.7000000000000001,0.8,0.6,0.1,6.000039858864381,22.999993710887765,1,0.95,1.0526315789473684,1.2459016393442623,5.6000000000000005,27.77460299317654,67.175144212722,6.25,164.28571428571428,global_coexistence,2,1,-4.354098360655739,0.2068976866675972,0.875,1.4444444444444444
15.0,17.0,0.7000000000000001,0.9,0.6,0.1,5.263191898767224,17.19297750954606,1,0.8823529411764706,1.1333333333333333,1.2857142857142858,5.666666666666667,21.602468994692867,53.33333333333333,5.555555555555557,140.0,global_coexistence,2,1,-4.380952380952381,0.2343762109676099,0.7777777777777778,1.3
15.0,18.0,0.7000000000000001,0.9,0.6,0.1,4.210570573607911,18.421046573228885,1,0.8333333333333334,1.2,1.2162162162162162,6.0,21.602468994692867,56.66666666666666,4.444444444444446,150.0,global_coexistence,2,1,-4.783783783783784,0.1860481531783255,0.7777777777777778,1.3
15.0,19.0,0.7000000000000001,0.9,0.6,0.1,3.157958017158212,19.64911462378649,1,0.7894736842105263,1.2666666666666666,1.1538461538461535,6.333333333333333,21.602468994692867,59.99999999999999,3.333333333333336,160.0,global_coexistence,2,1,-5.179487179487179,0.1384639785593897,0.7777777777777778,1.3
15.0,20.0,0.7000000000000001,0.9,0.6,0.1,2.1053658703085123,20.877180391559914,1,0.75,1.3333333333333333,1.0975609756097562,6.666666666666667,21.602468994692867,63.33333333333332,2.222222222222225,170.0,global_coexistence,2,1,-5.569105691056911,0.0916071633803969,0.7777777777777778,1.3
16.0,18.0,0.7000000000000001,0.9,0.6,0.1,5.789505519542433,18.245609364033907,1,0.8888888888888888,1.125,1.2972972972972974,5.727272727272728,23.145502494313785,56.66666666666666,6.111111111111111,148.57142857142858,global_coexistence,2,1,-4.42997542997543,0.240876964707105,0.7777777777777778,1.3
16.0,19.0,0.7000000000000001,0.9,0.6,0.1,4.73687993046011,19.47367897022244,1,0.8421052631578947,1.1875,1.2307692307692308,6.045454545454546,23.145502494313785,59.99999999999999,5.0,158.57142857142858,global_coexistence,2,1,-4.814685314685315,0.1956534729285645,0.7777777777777778,1.3
16.0,20.0,0.7000000000000001,0.9,0.6,0.1,3.684264915875749,20.70174724633972,1,0.8,1.25,1.170731707317073,6.363636363636364,23.145502494313785,63.33333333333332,3.888888888888889,168.57142857142858,global_coexistence,2,1,-5.192904656319291,0.1510810743211338,0.7777777777777778,1.3
17.0,19.0,0.7000000000000001,0.9,0.6,0.1,6.315820889241512,19.298240969525303,1,0.8947368421052632,1.1176470588235294,1.3076923076923077,5.782608695652174,24.688535993934703,59.99999999999999,6.666666666666668,157.14285714285714,global_coexistence,2,1,-4.474916387959866,0.2465763112491205,0.7777777777777778,1.3
17.0,20.0,0.7000000000000001,0.9,0.6,0.1,5.263193708504093,20.52631077480681,1,0.85,1.1764705882352942,1.2439024390243902,6.086956521739131,24.688535993934703,63.33333333333332,5.555555555555557,167.14285714285714,global_coexistence,2,1,-4.84305408271474,0.204082777624132,0.7777777777777778,1.3
15.0,17.0,0.8,0.9,0.6,0.1,4.54548413204462,17.27272296880554,1,0.8823529411764706,1.1333333333333333,1.2857142857142858,6.181818181818182,20.207259421636905,53.33333333333333,5.555555555555557,142.5,global_coexistence,2,1,-4.896103896103896,0.2083344479697189,0.888888888888889,1.4
15.0,18.0,0.8,0.9,0.6,0.1,3.636410039646753,18.48484213287877,1,0.8333333333333334,1.2,1.2162162162162162,6.545454545454546,20.207259421636905,56.66666666666666,4.444444444444446,152.5,global_coexistence,2,1,-5.329238329238329,0.1643853617004174,0.888888888888889,1.4
15.0,19.0,0.8,0.9,0.6,0.1,2.727335701478413,19.69696155337463,1,0.7894736842105263,1.2666666666666666,1.1538461538461535,6.909090909090909,20.207259421636905,59.99999999999999,3.333333333333336,162.5,global_coexistence,2,1,-5.755244755244755,0.121624132541686,0.888888888888889,1.4
15.0,20.0,0.8,0.9,0.6,0.1,1.8182791346062888,20.909078979686605,1,0.75,1.3333333333333333,1.0975609756097562,7.272727272727272,20.207259421636905,63.33333333333332,2.222222222222225,172.5,global_coexistence,2,1,-6.175166297117516,0.0800039813454077,0.888888888888889,1.4
16.0,18.0,0.8,0.9,0.6,0.1,5.000027710218252,18.33332926759628,1,0.8888888888888888,1.125,1.2972972972972974,6.260869565217392,21.65063509461097,56.66666666666666,6.111111111111111,151.25,global_coexistence,2,1,-4.963572267920094,0.2142866847223185,0.888888888888889,1.4
16.0,19.0,0.8,0.9,0.6,0.1,4.090949197643294,19.545448989127088,1,0.8421052631578947,1.1875,1.2307692307692308,6.608695652173913,21.65063509461097,59.99999999999999,5.0,161.25,global_coexistence,2,1,-5.377926421404682,0.1730783669033403,0.888888888888889,1.4
16.0,20.0,0.8,0.9,0.6,0.1,3.1818730697151514,20.75756855258481,1,0.8,1.25,1.170731707317073,6.956521739130435,21.65063509461097,63.33333333333332,3.888888888888889,171.25,global_coexistence,2,1,-5.785790031813361,0.1329134204513436,0.888888888888889,1.4
17.0,19.0,0.8,0.9,0.6,0.1,5.454572815832534,19.393935348871697,1,0.8947368421052632,1.1176470588235294,1.3076923076923077,6.333333333333333,23.09401076758503,59.99999999999999,6.666666666666668,160.0,global_coexistence,2,1,-5.0256410256410255,0.219513090269959,0.888888888888889,1.4
17.0,20.0,0.8,0.9,0.6,0.1,4.545492913883053,20.606055233747075,1,0.85,1.1764705882352942,1.2439024390243902,6.666666666666667,23.09401076758503,63.33333333333332,5.555555555555557,170.0,global_coexistence,2,1,-5.4227642276422765,0.1807241799670827,0.888888888888889,1.4
18.0,20.0,0.8,0.9,0.6,0.1,5.909119152718816,20.454541250834644,1,0.9,1.1111111111111112,1.3170731707317074,6.4,24.537386440559096,63.33333333333332,7.222222222222225,168.75,global_coexistence,2,1,-5.082926829268293,0.2241387979615436,0.888888888888889,1.4
15.0,15.0,0.8,0.9,0.7000000000000001,0.1,4.307726653963147,15.076918170301518,1,1.0,1.0,1.2616822429906542,5.454545454545454,18.708286933869704,46.66666666666666,4.444444444444441,122.5,global_coexistence,2,1,-4.1928632115548,0.2222236565599058,0.888888888888889,1.5
15.0,16.0,0.8,0.9,0.7000000000000001,0.1,3.2308190040541613,16.307685676976746,1,0.9375,1.0666666666666669,1.1842105263157896,5.818181818181818,18.708286933869704,49.99999999999999,3.3333333333333286,132.5,global_coexistence,2,1,-4.633971291866029,0.1653565130391387,0.888888888888889,1.5
15.0,17.0,0.8,0.9,0.7000000000000001,0.1,2.153931317690249,17.53845090384026,1,0.8823529411764706,1.1333333333333333,1.115702479338843,6.181818181818182,18.708286933869704,53.33333333333333,2.222222222222218,142.5,global_coexistence,2,1,-5.066115702479339,0.1093789107615058,0.888888888888889,1.5
15.0,18.0,0.8,0.9,0.7000000000000001,0.1,1.07709977215877,18.76920999563813,1,0.8333333333333334,1.2,1.0546875,6.545454545454546,18.708286933869704,56.66666666666666,1.1111111111111072,152.5,global_coexistence,2,1,-5.490767045454546,0.054272042750562,0.888888888888889,1.5
15.0,19.0,0.8,0.9,0.7000000000000001,0.1,0.0207438298255655,19.99769269737248,0,0.7894736842105263,1.2666666666666666,1.0,6.909090909090909,18.708286933869704,59.99999999999999,-3.552713678800501e-15,162.5,global_competitive_exclusion,2,0,-5.909090909090909,0.0010362362613774,0.888888888888889,1.5
15.0,20.0,0.8,0.9,0.7000000000000001,0.1,0.0001837848898103,21.111089572744422,0,0.75,1.3333333333333333,0.9507042253521126,7.272727272727272,18.708286933869704,63.33333333333332,-1.1111111111111145,172.5,global_competitive_exclusion,2,0,-6.32202304737516,8.705533138476431e-06,0.888888888888889,1.5
16.0,16.0,0.8,0.9,0.7000000000000001,0.1,4.61541940145226,16.15384118439698,1,1.0,1.0,1.2631578947368425,5.565217391304348,20.04459314343183,49.99999999999999,4.761904761904759,131.25,global_coexistence,2,1,-4.302059496567505,0.2222235780794667,0.888888888888889,1.5
16.0,17.0,0.8,0.9,0.7000000000000001,0.1,3.5385086104634462,17.384609085231762,1,0.9411764705882352,1.0625,1.1900826446280992,5.913043478260869,20.04459314343183,53.33333333333333,3.650793650793649,141.25,global_coexistence,2,1,-4.72296083363277,0.1691195672617886,0.888888888888889,1.5
16.0,18.0,0.8,0.9,0.7000000000000001,0.1,2.46161102665849,18.615375477371707,1,0.8888888888888888,1.125,1.125,6.260869565217392,20.04459314343183,56.66666666666666,2.5396825396825378,151.25,global_coexistence,2,1,-5.135869565217392,0.1167914125763565,0.888888888888889,1.5
16.0,19.0,0.8,0.9,0.7000000000000001,0.1,1.3847636319313794,19.846136210544667,1,0.8421052631578947,1.1875,1.0666666666666669,6.608695652173913,20.04459314343183,59.99999999999999,1.428571428571427,161.25,global_coexistence,2,1,-5.542028985507247,0.0652239727098576,0.888888888888889,1.5
16.0,20.0,0.8,0.9,0.7000000000000001,0.1,0.3083967985491012,21.07684363605865,1,0.8,1.25,1.0140845070422535,6.956521739130435,20.04459314343183,63.33333333333332,0.3174603174603163,171.25,global_coexistence,2,1,-5.9424372320881815,0.0144210115145594,0.888888888888889,1.5
17.0,17.0,0.8,0.9,0.7000000000000001,0.1,4.923112228765726,17.23076418708885,1,1.0,1.0,1.2644628099173554,5.666666666666667,21.38089935299395,53.33333333333333,5.079365079365076,140.0,global_coexistence,2,1,-4.402203856749312,0.2222235123259271,0.888888888888889,1.5
17.0,18.0,0.8,0.9,0.7000000000000001,0.1,3.846200044552168,18.461532254363043,1,0.9444444444444444,1.0588235294117647,1.1953125,6.0,21.38089935299395,56.66666666666666,3.968253968253965,150.0,global_coexistence,2,1,-4.8046875,0.1724155549750434,0.888888888888889,1.5
17.0,19.0,0.8,0.9,0.7000000000000001,0.1,2.769300949669278,19.692298788642304,1,0.8947368421052632,1.1176470588235294,1.1333333333333333,6.333333333333333,21.38089935299395,59.99999999999999,2.857142857142854,160.0,global_coexistence,2,1,-5.199999999999999,0.1232904593587706,0.888888888888889,1.5
17.0,20.0,0.8,0.9,0.7000000000000001,0.1,1.6924316108120017,20.92306202683164,1,0.85,1.1764705882352942,1.0774647887323945,6.666666666666667,21.38089935299395,63.33333333333332,1.7460317460317434,170.0,global_coexistence,2,1,-5.589201877934273,0.0748350506041989,0.888888888888889,1.5
18.0,18.0,0.8,0.9,0.7000000000000001,0.1,5.230805119810692,18.307687180676137,1,1.0,1.0,1.265625,5.76,22.71720556255607,56.66666666666666,5.396825396825395,148.75,global_coexistence,2,1,-4.494375,0.2222234564999096,0.888888888888889,1.5
18.0,19.0,0.8,0.9,0.7000000000000001,0.1,4.153892920900006,19.5384552326602,1,0.9473684210526316,1.0555555555555556,1.2,6.08,22.71720556255607,59.99999999999999,4.285714285714285,158.75,global_coexistence,2,1,-4.88,0.1753263498399084,0.888888888888889,1.5
18.0,20.0,0.8,0.9,0.7000000000000001,0.1,3.076989454519245,20.769222292165825,1,0.9,1.1111111111111112,1.1408450704225352,6.4,22.71720556255607,63.33333333333332,3.174603174603174,168.75,global_coexistence,2,1,-5.259154929577465,0.1290347283336099,0.888888888888889,1.5
19.0,19.0,0.8,0.9,0.7000000000000001,0.1,5.538498062517903,19.384610166883032,1,1.0,1.0,1.2666666666666666,5.846153846153846,24.053511772118192,59.99999999999999,5.714285714285712,157.5,global_coexistence,2,1,-4.579487179487179,0.2222234085548096,0.888888888888889,1.5
19.0,20.0,0.8,0.9,0.7000000000000001,0.1,4.461587056805959,20.61537804242321,1,0.95,1.0526315789473684,1.204225352112676,6.153846153846154,24.053511772118192,63.33333333333332,4.603174603174601,167.5,global_coexistence,2,1,-4.949620801733478,0.1779157501376871,0.888888888888889,1.5
20.0,20.0,0.8,0.9,0.7000000000000001,0.1,5.846191047665081,20.461533147027023,1,1.0,1.0,1.2676056338028168,5.925925925925926,25.38981798168032,63.33333333333332,6.031746031746028,166.25,global_coexistence,2,1,-4.658320292123109,0.2222233669624915,0.888888888888889,1.5
15.0,20.0,0.4,0.5,0.3,0.2,9.285760486301148,34.28569167072381,1,0.75,1.3333333333333333,1.2096774193548383,2.5,40.4145188432738,60.08327554319921,8.666666666666657,60.0,global_coexistence,2,1,-1.2903225806451617,0.2131156990783016,0.8,1.0000000000000002
15.0,18.0,0.5,0.6,0.4,0.2,7.272771443304926,25.909072766265265,1,0.8333333333333334,1.2,1.2162162162162162,2.727272727272727,31.304951684997057,49.07477288111819,6.666666666666664,57.0,global_coexistence,2,1,-1.5110565110565108,0.2191792414361146,0.8333333333333334,1.125
15.0,19.0,0.5,0.6,0.4,0.2,5.454614606417412,28.18179135105214,1,0.7894736842105263,1.2666666666666666,1.1538461538461535,2.8787878787878785,31.304951684997057,51.96152422706632,5.0,62.0,global_coexistence,2,1,-1.7249417249417247,0.1621640139946675,0.8333333333333334,1.125
15.0,20.0,0.5,0.6,0.4,0.2,3.636469667443764,30.454506459379783,1,0.75,1.3333333333333333,1.097560975609756,3.0303030303030303,31.304951684997057,54.84827557301445,3.333333333333332,67.0,global_coexistence,2,1,-1.9327420546932743,0.1066695671580523,0.8333333333333334,1.125
16.0,19.0,0.5,0.6,0.4,0.2,8.18186334702236,27.272708497389,1,0.8421052631578947,1.1875,1.2307692307692306,2.7142857142857144,33.54101966249684,51.96152422706632,7.5,60.0,global_coexistence,2,1,-1.4835164835164838,0.2307703328904266,0.8333333333333334,1.125
16.0,20.0,0.5,0.6,0.4,0.2,6.363694302750093,29.545431725751804,1,0.8,1.25,1.170731707317073,2.857142857142857,33.54101966249684,54.84827557301445,5.833333333333332,65.0,global_coexistence,2,1,-1.686411149825784,0.1772166300482803,0.8333333333333334,1.125
17.0,20.0,0.5,0.6,0.4,0.2,9.09095174894269,28.636345713757343,1,0.85,1.1764705882352942,1.2439024390243902,2.702702702702702,35.77708763999664,54.84827557301445,8.333333333333332,63.0,global_coexistence,2,1,-1.4588002636783124,0.2409648281308956,0.8333333333333334,1.125
15.0,20.0,0.5,0.7000000000000001,0.4,0.2,8.14818454079515,24.814801467592552,1,0.75,1.3333333333333333,1.2650602409638556,3.0303030303030303,31.304951684997057,50.77963596336063,7.857142857142861,67.0,global_coexistence,2,1,-1.765242789339175,0.2471919424630334,0.7142857142857142,1.0
15.0,19.0,0.6,0.7000000000000001,0.4,0.2,7.647088405537584,23.52940031507468,1,0.7894736842105263,1.2666666666666666,1.329113924050633,3.352941176470588,28.57738033247041,48.107023544236384,9.285714285714288,66.66666666666666,global_coexistence,2,1,-2.023827252419955,0.2452838250666031,0.857142857142857,1.111111111111111
15.0,20.0,0.6,0.7000000000000001,0.4,0.2,6.470628045737301,25.294103047912305,1,0.75,1.3333333333333333,1.2650602409638556,3.5294117647058822,28.57738033247041,50.77963596336063,7.857142857142861,71.66666666666666,global_coexistence,2,1,-2.264351523742026,0.2037047953171845,0.857142857142857,1.111111111111111
15.0,17.0,0.6,0.7000000000000001,0.5,0.2,5.625045454657412,21.24998411811757,1,0.8823529411764706,1.1333333333333333,1.206896551724138,3.0,25.56038601690776,42.7617987059879,5.142857142857146,56.66666666666666,global_coexistence,2,1,-1.793103448275862,0.2093037866032977,0.857142857142857,1.222222222222222
15.0,18.0,0.6,0.7000000000000001,0.5,0.2,4.062572663934535,23.124976104253488,1,0.8333333333333334,1.2,1.1413043478260871,3.176470588235294,25.56038601690776,45.43441112511214,3.7142857142857153,61.66666666666666,global_coexistence,2,1,-2.0351662404092066,0.1494276920134898,0.857142857142857,1.222222222222222
15.0,19.0,0.6,0.7000000000000001,0.5,0.2,2.500124156725827,24.99996142258695,1,0.7894736842105263,1.2666666666666666,1.082474226804124,3.352941176470588,25.56038601690776,48.107023544236384,2.2857142857142883,66.66666666666666,global_coexistence,2,1,-2.270466949666464,0.0909133227791324,0.857142857142857,1.222222222222222
15.0,20.0,0.6,0.7000000000000001,0.5,0.2,0.9378378455851004,26.87490047793006,1,0.75,1.3333333333333333,1.0294117647058825,3.5294117647058822,25.56038601690776,50.77963596336063,0.8571428571428612,71.66666666666666,global_coexistence,2,1,-2.5,0.0337197234834002,0.857142857142857,1.222222222222222
16.0,18.0,0.6,0.7000000000000001,0.5,0.2,6.250044102651259,22.499984458838984,1,0.8888888888888888,1.125,1.2173913043478264,3.0,27.386127875258307,45.43441112511214,5.714285714285715,60.0,global_coexistence,2,1,-1.7826086956521732,0.2173926223858781,0.857142857142857,1.222222222222222
16.0,19.0,0.6,0.7000000000000001,0.5,0.2,4.687566642260507,24.374977822070708,1,0.8421052631578947,1.1875,1.154639175257732,3.166666666666666,27.386127875258307,48.107023544236384,4.285714285714288,65.0,global_coexistence,2,1,-2.0120274914089338,0.1612923688775293,0.857142857142857,1.222222222222222
16.0,20.0,0.6,0.7000000000000001,0.5,0.2,3.125097725011805,26.24996918053041,1,0.8,1.25,1.0980392156862746,3.333333333333333,27.386127875258307,50.77963596336063,2.857142857142861,70.0,global_coexistence,2,1,-2.2352941176470584,0.1063860632236446,0.857142857142857,1.222222222222222
17.0,19.0,0.6,0.7000000000000001,0.5,0.2,6.875046070011464,23.74998364323621,1,0.8947368421052632,1.1176470588235294,1.2268041237113405,3.0,29.21186973360886,48.107023544236384,6.285714285714288,63.33333333333333,global_coexistence,2,1,-1.7731958762886593,0.2244910824376271,0.857142857142857,1.222222222222222
17.0,20.0,0.6,0.7000000000000001,0.5,0.2,5.312563250563643,25.624978727572937,1,0.85,1.1764705882352942,1.1666666666666667,3.157894736842105,29.21186973360886,50.77963596336063,4.857142857142861,68.33333333333333,global_coexistence,2,1,-1.991228070175438,0.1717189831796594,0.857142857142857,1.222222222222222
18.0,20.0,0.6,0.7000000000000001,0.5,0.2,7.500042199156143,24.99998491725888,1,0.9,1.1111111111111112,1.235294117647059,3.0,31.03761159195941,50.77963596336063,6.857142857142861,66.66666666666666,global_coexistence,2,1,-1.764705882352941,0.2307703366612898,0.857142857142857,1.222222222222222
15.0,19.0,0.6,0.8,0.5,0.2,5.789517951165487,21.05261785283564,1,0.7894736842105263,1.2666666666666666,1.2244897959183674,3.352941176470588,25.56038601690776,45.0,5.5,66.66666666666666,global_coexistence,2,1,-2.1284513805522205,0.2156876782622675,0.7499999999999999,1.1
15.0,20.0,0.6,0.8,0.5,0.2,4.473744879355756,22.631561118935448,1,0.75,1.3333333333333333,1.1650485436893203,3.5294117647058822,25.56038601690776,47.5,4.25,71.66666666666666,global_coexistence,2,1,-2.364363221016562,0.1650505210912503,0.7499999999999999,1.1
16.0,20.0,0.6,0.8,0.5,0.2,6.578988835731739,22.10525010430693,1,0.8,1.25,1.2427184466019416,3.333333333333333,27.386127875258307,47.5,6.25,70.0,global_coexistence,2,1,-2.0906148867313914,0.2293590166183042,0.7499999999999999,1.1
15.0,18.0,0.7000000000000001,0.8,0.5,0.2,5.869598589230884,19.7825977399025,1,0.8333333333333334,1.2,1.2903225806451613,3.6,23.664319132398465,42.5,6.75,65.0,global_coexistence,2,1,-2.3096774193548386,0.2288146603090176,0.875,1.2000000000000002
15.0,19.0,0.7000000000000001,0.8,0.5,0.2,4.782650181347317,21.30433496299196,1,0.7894736842105263,1.2666666666666666,1.2244897959183674,3.8,23.664319132398465,45.0,5.5,70.0,global_coexistence,2,1,-2.5755102040816324,0.1833347224635164,0.875,1.2000000000000002
15.0,20.0,0.7000000000000001,0.8,0.5,0.2,3.6957074716521103,22.82607070693388,1,0.75,1.3333333333333333,1.1650485436893203,4.0,23.664319132398465,47.5,4.25,75.0,global_coexistence,2,1,-2.83495145631068,0.1393461421314529,0.875,1.2000000000000002
16.0,19.0,0.7000000000000001,0.8,0.5,0.2,6.521774812865242,20.869553360559184,1,0.8421052631578947,1.1875,1.3061224489795915,3.5945945945945947,25.354627641855497,45.0,7.5,68.57142857142857,global_coexistence,2,1,-2.2884721456150032,0.2380963336853737,0.875,1.2000000000000002
16.0,20.0,0.7000000000000001,0.8,0.5,0.2,5.434821775978241,22.39129201888426,1,0.8,1.25,1.2427184466019416,3.783783783783784,25.354627641855497,47.5,6.25,73.57142857142857,global_coexistence,2,1,-2.541065337181842,0.1953137191935751,0.875,1.2000000000000002
17.0,20.0,0.7000000000000001,0.8,0.5,0.2,7.173945305676676,21.9565109033781,1,0.85,1.1764705882352942,1.3203883495145632,3.58974358974359,27.04493615131253,47.5,8.25,72.14285714285714,global_coexistence,2,1,-2.269355240229027,0.2462695830848938,0.875,1.2000000000000002
15.0,20.0,0.7000000000000001,0.9,0.5,0.2,5.849085114654727,19.81131239560044,1,0.75,1.3333333333333333,1.2980769230769231,4.0,23.664319132398465,44.783429475148,6.888888888888889,75.0,global_coexistence,2,1,-2.7019230769230766,0.2279421085475056,0.7777777777777778,1.090909090909091
15.0,19.0,0.8,0.9,0.5,0.2,5.806475376756648,18.70967006595317,1,0.7894736842105263,1.2666666666666666,1.3636363636363635,4.222222222222222,22.13594362117865,42.426406871192846,8.0,72.5,global_coexistence,2,1,-2.858585858585859,0.2368429160418151,0.888888888888889,1.1818181818181817
15.0,20.0,0.8,0.9,0.5,0.2,5.000029728915934,19.99999128432055,1,0.75,1.3333333333333333,1.2980769230769231,4.444444444444445,22.13594362117865,44.783429475148,6.888888888888889,77.5,global_coexistence,2,1,-3.1463675213675213,0.2000010210498873,0.888888888888889,1.1818181818181817
16.0,20.0,0.8,0.9,0.5,0.2,6.451640359437154,19.677410727824924,1,0.8,1.25,1.3846153846153846,4.2105263157894735,23.717082451262844,44.783429475148,8.88888888888889,76.25,global_coexistence,2,1,-2.825910931174089,0.2469144531078027,0.888888888888889,1.1818181818181817
15.0,16.0,0.7000000000000001,0.8,0.6,0.2,5.000047859468112,17.499985125200084,1,0.9375,1.0666666666666669,1.2244897959183676,3.2,21.602468994692867,37.5,4.583333333333336,55.0,global_coexistence,2,1,-1.9755102040816328,0.2222240235325525,0.875,1.3
15.0,17.0,0.7000000000000001,0.8,0.6,0.2,3.6364295868121257,19.090889880592915,1,0.8823529411764706,1.1333333333333333,1.153846153846154,3.4,21.602468994692867,40.0,3.333333333333336,60.0,global_coexistence,2,1,-2.246153846153846,0.160002572763911,0.875,1.3
15.0,18.0,0.7000000000000001,0.8,0.6,0.2,2.2728337791194,20.68178897734637,1,0.8333333333333334,1.2,1.090909090909091,3.6,21.602468994692867,42.5,2.083333333333336,65.0,global_coexistence,2,1,-2.509090909090909,0.0990142074314506,0.875,1.3
15.0,19.0,0.7000000000000001,0.8,0.6,0.2,0.9093761208292356,22.272653368228287,1,0.7894736842105263,1.2666666666666666,1.0344827586206895,3.8,21.602468994692867,45.0,0.8333333333333357,70.0,global_coexistence,2,1,-2.7655172413793103,0.0392276319576973,0.875,1.3
15.0,20.0,0.7000000000000001,0.8,0.6,0.2,0.0005908747110752,23.749849684056777,0,0.75,1.3333333333333333,0.9836065573770492,4.0,21.602468994692867,47.5,-0.4166666666666643,75.0,global_competitive_exclusion,2,0,-3.0163934426229506,2.4878473711389435e-05,0.875,1.3
16.0,17.0,0.7000000000000001,0.8,0.6,0.2,5.454585254754947,18.63635120989797,1,0.9411764705882352,1.0625,1.2307692307692308,3.216216216216216,23.145502494313785,40.0,5.0,58.57142857142857,global_coexistence,2,1,-1.9854469854469847,0.2264164891538404,0.875,1.3
16.0,18.0,0.7000000000000001,0.8,0.6,0.2,4.090970972082898,20.227254549152686,1,0.8888888888888888,1.125,1.1636363636363638,3.4054054054054057,23.145502494313785,42.5,3.75,63.57142857142857,global_coexistence,2,1,-2.241769041769042,0.1682265413860279,0.875,1.3
16.0,19.0,0.7000000000000001,0.8,0.6,0.2,2.7273658295061853,21.818155985259725,1,0.8421052631578947,1.1875,1.1034482758620692,3.5945945945945947,23.145502494313785,45.0,2.5,68.57142857142857,global_coexistence,2,1,-2.4911463187325253,0.1111145996442201,0.875,1.3
16.0,20.0,0.7000000000000001,0.8,0.6,0.2,1.3638368909742142,23.409038174310872,1,0.8,1.25,1.0491803278688523,3.783783783783784,23.145502494313785,47.5,1.25,73.57142857142857,global_coexistence,2,1,-2.7346034559149315,0.0550536377945649,0.875,1.3
17.0,18.0,0.7000000000000001,0.8,0.6,0.2,5.9091321767081535,19.772714336436223,1,0.9444444444444444,1.0588235294117647,1.2363636363636366,3.230769230769231,24.688535993934703,42.5,5.416666666666668,62.142857142857146,global_coexistence,2,1,-1.9944055944055945,0.2300898486284374,0.875,1.3
17.0,19.0,0.7000000000000001,0.8,0.6,0.2,4.5455096837934175,21.363620044902607,1,0.8947368421052632,1.1176470588235294,1.1724137931034484,3.4102564102564106,24.688535993934703,45.0,4.166666666666668,67.14285714285714,global_coexistence,2,1,-2.237842617152962,0.1754404617751006,0.875,1.3
17.0,20.0,0.7000000000000001,0.8,0.6,0.2,3.1819079312491856,22.954520289275507,1,0.85,1.1764705882352942,1.114754098360656,3.58974358974359,24.688535993934703,47.5,2.916666666666668,72.14285714285714,global_coexistence,2,1,-2.4749894913829342,0.1217422634953028,0.875,1.3
18.0,19.0,0.7000000000000001,0.8,0.6,0.2,6.363680337297535,20.90907707561064,1,0.9473684210526316,1.0555555555555556,1.2413793103448278,3.2439024390243905,26.23156949355562,45.0,5.833333333333336,65.71428571428572,global_coexistence,2,1,-2.0025231286795626,0.2333346878334206,0.875,1.3
18.0,20.0,0.7000000000000001,0.8,0.6,0.2,5.000052742539608,22.49998428637523,1,0.9,1.1111111111111112,1.1803278688524592,3.414634146341464,26.23156949355562,47.5,4.583333333333336,70.71428571428572,global_coexistence,2,1,-2.2343062774890043,0.1818198549071885,0.875,1.3
19.0,20.0,0.7000000000000001,0.8,0.6,0.2,6.818220975998106,22.04544218801861,1,0.95,1.0526315789473684,1.2459016393442623,3.2558139534883725,27.77460299317654,47.5,6.25,69.28571428571429,global_coexistence,2,1,-2.00991231414411,0.2362216097538906,0.875,1.3
15.0,18.0,0.7000000000000001,0.9,0.6,0.2,4.705930378856549,17.84312410526143,1,0.8333333333333334,1.2,1.2162162162162162,3.6,21.602468994692867,40.06938426723769,4.444444444444446,65.0,global_coexistence,2,1,-2.383783783783784,0.2086974592292145,0.7777777777777778,1.1818181818181817
15.0,19.0,0.7000000000000001,0.9,0.6,0.2,3.529479645400228,19.215668717168395,1,0.7894736842105263,1.2666666666666666,1.1538461538461535,3.8,21.602468994692867,42.426406871192846,3.333333333333336,70.0,global_coexistence,2,1,-2.646153846153846,0.155175054879336,0.7777777777777778,1.1818181818181817
15.0,20.0,0.7000000000000001,0.9,0.6,0.2,2.353041840812256,20.58821061378924,1,0.75,1.3333333333333333,1.0975609756097562,4.0,21.602468994692867,44.783429475148,2.222222222222225,75.0,global_coexistence,2,1,-2.902439024390244,0.102568150778546,0.7777777777777778,1.1818181818181817
16.0,19.0,0.7000000000000001,0.9,0.6,0.2,5.294159032545171,18.82351794350057,1,0.8421052631578947,1.1875,1.2307692307692308,3.5945945945945947,23.145502494313785,42.426406871192846,5.0,68.57142857142857,global_coexistence,2,1,-2.363825363825364,0.2195136388054064,0.7777777777777778,1.1818181818181817
16.0,20.0,0.7000000000000001,0.9,0.6,0.2,4.1177056274098,20.196063053948464,1,0.8,1.25,1.170731707317073,3.783783783783784,23.145502494313785,44.783429475148,3.888888888888889,73.57142857142857,global_coexistence,2,1,-2.6130520764667104,0.1693569467314586,0.7777777777777778,1.1818181818181817
17.0,20.0,0.7000000000000001,0.9,0.6,0.2,5.882392328295628,19.80391053748372,1,0.85,1.1764705882352942,1.2439024390243902,3.58974358974359,24.688535993934703,44.783429475148,5.555555555555557,72.14285714285714,global_coexistence,2,1,-2.3458411507192,0.2290089141685106,0.7777777777777778,1.1818181818181817
15.0,17.0,0.8,0.9,0.6,0.2,5.000030527638332,16.666657784043938,1,0.8823529411764706,1.1333333333333333,1.2857142857142858,3.7777777777777777,20.207259421636905,37.71236166328253,5.555555555555557,62.5,global_coexistence,2,1,-2.492063492063492,0.2307704091973487,0.888888888888889,1.2727272727272725
15.0,18.0,0.8,0.9,0.6,0.2,4.000047176929304,17.99998708316235,1,0.8333333333333334,1.2,1.2162162162162162,4.0,20.207259421636905,40.06938426723769,4.444444444444446,67.5,global_coexistence,2,1,-2.783783783783784,0.1818200430799074,0.888888888888889,1.2727272727272725
15.0,19.0,0.8,0.9,0.6,0.2,3.0000642909993585,19.333316704733885,1,0.7894736842105263,1.2666666666666666,1.1538461538461535,4.222222222222222,20.207259421636905,42.426406871192846,3.333333333333336,72.5,global_coexistence,2,1,-3.068376068376069,0.1343309502297263,0.888888888888889,1.2727272727272725
15.0,20.0,0.8,0.9,0.6,0.2,2.000100773670044,20.66664195969693,1,0.75,1.3333333333333333,1.0975609756097562,4.444444444444445,20.207259421636905,44.783429475148,2.222222222222225,77.5,global_coexistence,2,1,-3.3468834688346885,0.0882394438935313,0.888888888888889,1.2727272727272725
16.0,18.0,0.8,0.9,0.6,0.2,5.50003655992206,17.66665593712699,1,0.8888888888888888,1.125,1.2972972972972974,3.789473684210526,21.65063509461097,40.06938426723769,6.111111111111111,66.25,global_coexistence,2,1,-2.4921763869132287,0.2374113853595048,0.888888888888889,1.2727272727272725
16.0,19.0,0.8,0.9,0.6,0.2,4.5000409348198165,18.99998865692857,1,0.8421052631578947,1.1875,1.2307692307692308,4.0,21.65063509461097,42.426406871192846,5.0,71.25,global_coexistence,2,1,-2.769230769230769,0.1914908624795913,0.888888888888889,1.2727272727272725
16.0,20.0,0.8,0.9,0.6,0.2,3.500055993972517,20.333318632145907,1,0.8,1.25,1.170731707317073,4.2105263157894735,21.65063509461097,44.783429475148,3.888888888888889,76.25,global_coexistence,2,1,-3.0397946084724,0.1468552418144298,0.888888888888889,1.2727272727272725
17.0,19.0,0.8,0.9,0.6,0.2,6.0000284291296495,18.66665825994241,1,0.8947368421052632,1.1176470588235294,1.3076923076923077,3.8,23.09401076758503,42.426406871192846,6.666666666666668,70.0,global_coexistence,2,1,-2.4923076923076923,0.2432441983295554,0.888888888888889,1.2727272727272725
17.0,20.0,0.8,0.9,0.6,0.2,5.000039226910821,19.999989014024525,1,0.85,1.1764705882352942,1.2439024390243902,4.0,23.09401076758503,44.783429475148,5.555555555555557,75.0,global_coexistence,2,1,-2.756097560975609,0.2000013431474328,0.888888888888889,1.2727272727272725
18.0,20.0,0.8,0.9,0.6,0.2,6.500029366545252,19.666657924141617,1,0.9,1.1111111111111112,1.3170731707317074,3.809523809523809,24.537386440559096,44.783429475148,7.222222222222225,73.75,global_coexistence,2,1,-2.4924506387921017,0.2484085698100085,0.888888888888889,1.2727272727272725
15.0,16.0,0.8,0.9,0.7000000000000001,0.2,3.620743884255324,15.862054516495064,1,0.9375,1.0666666666666669,1.1842105263157896,3.555555555555556,18.708286933869704,35.35533905932737,3.3333333333333286,57.5,global_coexistence,2,1,-2.371345029239766,0.1858431119482234,0.888888888888889,1.3636363636363635
15.0,17.0,0.8,0.9,0.7000000000000001,0.2,2.4138757415086376,17.241358671519723,1,0.8823529411764706,1.1333333333333333,1.115702479338843,3.7777777777777777,18.708286933869704,37.71236166328253,2.222222222222218,62.5,global_coexistence,2,1,-2.662075298438934,0.1228108345484098,0.888888888888889,1.3636363636363635
15.0,18.0,0.8,0.9,0.7000000000000001,0.2,1.2070790857647795,18.620646734869545,1,0.8333333333333334,1.2,1.0546875,4.0,18.708286933869704,40.06938426723769,1.1111111111111072,67.5,global_coexistence,2,1,-2.9453125,0.0608783426139873,0.888888888888889,1.3636363636363635
15.0,19.0,0.8,0.9,0.7000000000000001,0.2,0.0232638497117166,19.994824795398177,0,0.7894736842105263,1.2666666666666666,1.0,4.222222222222222,18.708286933869704,42.426406871192846,-3.552713678800501e-15,72.5,global_competitive_exclusion,2,0,-3.2222222222222223,0.0011621414074115,0.888888888888889,1.3636363636363635
15.0,20.0,0.8,0.9,0.7000000000000001,0.2,0.0001877016217675,21.11106711638438,0,0.75,1.3333333333333333,0.9507042253521126,4.444444444444445,18.708286933869704,44.783429475148,-1.1111111111111145,77.5,global_competitive_exclusion,2,0,-3.493740219092332,8.891068929141722e-06,0.888888888888889,1.3636363636363635
16.0,17.0,0.8,0.9,0.7000000000000001,0.2,3.9655686709577935,16.896537958713,1,0.9411764705882352,1.0625,1.1900826446280992,3.5789473684210527,20.04459314343183,37.71236166328253,3.650793650793649,61.25,global_coexistence,2,1,-2.388864723792953,0.1900847666705829,0.888888888888889,1.3636363636363635
16.0,18.0,0.8,0.9,0.7000000000000001,0.2,2.7586991474183566,18.275842308447263,1,0.8888888888888888,1.125,1.125,3.789473684210526,20.04459314343183,40.06938426723769,2.5396825396825378,66.25,global_coexistence,2,1,-2.664473684210526,0.1311509049629924,0.888888888888889,1.3636363636363635
16.0,19.0,0.8,0.9,0.7000000000000001,0.2,1.5518751541730738,19.655136483542726,1,0.8421052631578947,1.1875,1.0666666666666669,4.0,20.04459314343183,42.426406871192846,1.428571428571427,71.25,global_coexistence,2,1,-2.9333333333333336,0.0731774556775895,0.888888888888889,1.3636363636363635
16.0,20.0,0.8,0.9,0.7000000000000001,0.2,0.345535663846149,21.034323068471625,1,0.8,1.25,1.0140845070422535,4.2105263157894735,20.04459314343183,44.783429475148,0.3174603174603163,76.25,global_coexistence,2,1,-3.19644180874722,0.0161617374638606,0.888888888888889,1.3636363636363635
17.0,18.0,0.8,0.9,0.7000000000000001,0.2,4.310395393181411,17.93102089453415,1,0.9444444444444444,1.0588235294117647,1.1953125,3.6,21.38089935299395,40.06938426723769,3.968253968253965,65.0,global_coexistence,2,1,-2.4046875,0.193800400901724,0.888888888888889,1.3636363636363635
17.0,19.0,0.8,0.9,0.7000000000000001,0.2,3.103524182846998,19.31032556683801,1,0.8947368421052632,1.1176470588235294,1.1333333333333333,3.8,21.38089935299395,42.426406871192846,2.857142857142854,70.0,global_coexistence,2,1,-2.6666666666666665,0.1384645751402261,0.888888888888889,1.3636363636363635
17.0,20.0,0.8,0.9,0.7000000000000001,0.2,1.896676551470343,20.689625161168543,1,0.85,1.1764705882352942,1.0774647887323945,4.0,21.38089935299395,44.783429475148,1.7460317460317434,75.0,global_coexistence,2,1,-2.922535211267606,0.0839746398326467,0.888888888888889,1.3636363636363635
18.0,19.0,0.8,0.9,0.7000000000000001,0.2,4.655223646131205,18.965503425319184,1,0.9473684210526316,1.0555555555555556,1.2,3.619047619047619,22.71720556255607,42.426406871192846,4.285714285714285,68.75,global_coexistence,2,1,-2.41904761904762,0.1970821487437541,0.888888888888889,1.3636363636363635
18.0,20.0,0.8,0.9,0.7000000000000001,0.2,3.448347742436336,20.344809226196336,1,0.9,1.1111111111111112,1.1408450704225352,3.809523809523809,22.71720556255607,44.783429475148,3.174603174603174,73.75,global_coexistence,2,1,-2.6686787391012743,0.1449302312838271,0.888888888888889,1.3636363636363635
19.0,20.0,0.8,0.9,0.7000000000000001,0.2,5.000044681398512,19.99998791260262,1,0.95,1.0526315789473684,1.204225352112676,3.636363636363636,24.053511772118192,44.783429475148,4.603174603174601,72.5,global_coexistence,2,1,-2.43213828425096,0.2000015265019412,0.888888888888889,1.3636363636363635
15.0,19.0,0.5,0.6,0.4,0.3,6.6667348796758565,26.666626961422025,1,0.7894736842105263,1.2666666666666666,1.1538461538461535,2.0212765957446805,31.304951684997057,42.426406871192846,5.0,32.0,global_coexistence,2,1,-0.8674304418985268,0.2000018753420845,0.8333333333333334,1.0
15.0,20.0,0.5,0.6,0.4,0.3,4.444551895013279,29.44438516491136,1,0.75,1.3333333333333333,1.097560975609756,2.1276595744680846,31.304951684997057,44.783429475148,3.333333333333332,35.33333333333332,global_coexistence,2,1,-1.0300985988583289,0.1311505252334746,0.8333333333333334,1.0
16.0,20.0,0.5,0.6,0.4,0.3,7.777843762995611,27.777738788760853,1,0.8,1.25,1.170731707317073,2.0,33.54101966249684,44.783429475148,5.833333333333332,33.33333333333332,global_coexistence,2,1,-0.8292682926829265,0.2187516897430606,0.8333333333333334,1.0
15.0,20.0,0.6,0.7000000000000001,0.4,0.3,7.33337610688865,23.999976464523296,1,0.75,1.3333333333333333,1.2650602409638556,2.5,28.57738033247041,41.46139914483855,7.857142857142861,39.99999999999999,global_coexistence,2,1,-1.234939759036144,0.2340437746064717,0.857142857142857,1.0
15.0,18.0,0.6,0.7000000000000001,0.5,0.3,4.814884793467001,22.22218770063931,1,0.8333333333333334,1.2,1.1413043478260871,2.25,25.56038601690776,37.0970413401187,3.7142857142857153,33.33333333333332,global_coexistence,2,1,-1.1086956521739124,0.1780845464876634,0.857142857142857,1.1
15.0,19.0,0.6,0.7000000000000001,0.5,0.3,2.96308853279665,24.444385917978487,1,0.7894736842105263,1.2666666666666666,1.082474226804124,2.375,25.56038601690776,39.27922024247862,2.2857142857142883,36.66666666666666,global_coexistence,2,1,-1.2925257731958757,0.1081124252480274,0.857142857142857,1.1
15.0,20.0,0.6,0.7000000000000001,0.5,0.3,1.1114527939391663,26.66651568760523,1,0.75,1.3333333333333333,1.0294117647058825,2.5,25.56038601690776,41.46139914483855,0.8571428571428612,39.99999999999999,global_coexistence,2,1,-1.470588235294117,0.0400120258858243,0.857142857142857,1.1
16.0,19.0,0.6,0.7000000000000001,0.5,0.3,5.555619428114139,23.333301446525635,1,0.8421052631578947,1.1875,1.154639175257732,2.2352941176470584,27.386127875258307,39.27922024247862,4.285714285714288,34.99999999999999,global_coexistence,2,1,-1.0806549423893264,0.1923096903557639,0.857142857142857,1.1
16.0,20.0,0.6,0.7000000000000001,0.5,0.3,3.703810068792873,25.555505237217528,1,0.8,1.25,1.0980392156862746,2.352941176470588,27.386127875258307,41.46139914483855,2.857142857142861,38.33333333333332,global_coexistence,2,1,-1.2549019607843133,0.1265856712659315,0.857142857142857,1.1
17.0,20.0,0.6,0.7000000000000001,0.5,0.3,6.296356701719294,24.44441396863212,1,0.85,1.1764705882352942,1.1666666666666667,2.222222222222222,29.21186973360886,41.46139914483855,4.857142857142861,36.66666666666666,global_coexistence,2,1,-1.0555555555555551,0.2048210426875195,0.857142857142857,1.1
15.0,20.0,0.6,0.8,0.5,0.3,5.15158154121361,21.818152550239446,1,0.75,1.3333333333333333,1.1650485436893203,2.5,25.56038601690776,38.78358759406699,4.25,39.99999999999999,global_coexistence,2,1,-1.3349514563106792,0.1910134346799582,0.7499999999999999,1.0
15.0,19.0,0.7000000000000001,0.8,0.5,0.3,5.365902774703004,20.48778203099181,1,0.7894736842105263,1.2666666666666666,1.2244897959183674,2.7142857142857144,23.664319132398465,36.74234614174767,5.5,40.0,global_coexistence,2,1,-1.489795918367347,0.2075488587035397,0.875,1.090909090909091
15.0,20.0,0.7000000000000001,0.8,0.5,0.3,4.146404442019104,22.19509418860672,1,0.75,1.3333333333333333,1.1650485436893203,2.857142857142857,23.664319132398465,38.78358759406699,4.25,43.33333333333333,global_coexistence,2,1,-1.692094313453537,0.1574095878204251,0.875,1.090909090909091
16.0,20.0,0.7000000000000001,0.8,0.5,0.3,6.097599704783359,21.46339634464276,1,0.8,1.25,1.2427184466019416,2.692307692307692,25.354627641855497,38.78358759406699,6.25,41.9047619047619,global_coexistence,2,1,-1.4495892457057504,0.2212401791955673,0.875,1.090909090909091
15.0,20.0,0.8,0.9,0.5,0.3,5.4386268009779695,19.29823228194872,1,0.75,1.3333333333333333,1.2980769230769231,3.2,22.13594362117865,36.56551704867629,6.888888888888889,45.83333333333332,global_coexistence,2,1,-1.9019230769230768,0.2198592304199078,0.888888888888889,1.0833333333333333
15.0,17.0,0.7000000000000001,0.8,0.6,0.3,4.210590733125364,18.421024484492715,1,0.8823529411764706,1.1333333333333333,1.153846153846154,2.4285714285714284,21.602468994692867,32.65986323710904,3.333333333333336,33.33333333333333,global_coexistence,2,1,-1.2747252747252744,0.186049059805839,0.875,1.1818181818181817
15.0,18.0,0.7000000000000001,0.8,0.6,0.3,2.6316870248100845,20.26311344078512,1,0.8333333333333334,1.2,1.090909090909091,2.571428571428572,21.602468994692867,34.701104689428355,2.083333333333336,36.66666666666666,global_coexistence,2,1,-1.4805194805194806,0.1149469299269417,0.875,1.1818181818181817
15.0,19.0,0.7000000000000001,0.8,0.6,0.3,1.052920937909118,22.10515068888495,1,0.7894736842105263,1.2666666666666666,1.0344827586206895,2.7142857142857144,21.602468994692867,36.74234614174767,0.8333333333333357,40.0,global_coexistence,2,1,-1.679802955665025,0.0454666932064792,0.875,1.1818181818181817
15.0,20.0,0.7000000000000001,0.8,0.6,0.3,0.0005933479091983,23.749773583015465,0,0.75,1.3333333333333333,0.9836065573770492,2.857142857142857,21.602468994692867,38.78358759406699,-0.4166666666666643,43.33333333333333,global_competitive_exclusion,2,0,-1.873536299765808,2.498268388543356e-05,0.875,1.1818181818181817
16.0,18.0,0.7000000000000001,0.8,0.6,0.3,4.736902429884107,19.47365762783895,1,0.8888888888888888,1.125,1.1636363636363638,2.423076923076923,23.145502494313785,34.701104689428355,3.75,35.23809523809523,global_coexistence,2,1,-1.259440559440559,0.1956543929008803,0.875,1.1818181818181817
16.0,19.0,0.7000000000000001,0.8,0.6,0.3,3.1579883369531347,21.315750516006847,1,0.8421052631578947,1.1875,1.1034482758620692,2.5576923076923075,23.145502494313785,36.74234614174767,2.5,38.57142857142857,global_coexistence,2,1,-1.4542440318302383,0.1290357944867582,0.875,1.1818181818181817
16.0,20.0,0.7000000000000001,0.8,0.6,0.3,1.5791506196123717,23.157814559659567,1,0.8,1.25,1.0491803278688523,2.692307692307692,23.145502494313785,38.78358759406699,1.25,41.9047619047619,global_coexistence,2,1,-1.6431273644388396,0.0638376861578639,0.875,1.1818181818181817
17.0,19.0,0.7000000000000001,0.8,0.6,0.3,5.263220079467375,20.52628818177517,1,0.8947368421052632,1.1176470588235294,1.1724137931034484,2.418181818181818,24.688535993934703,36.74234614174767,4.166666666666668,37.14285714285714,global_coexistence,2,1,-1.2457680250783696,0.2040837702740204,0.875,1.1818181818181817
17.0,20.0,0.7000000000000001,0.8,0.6,0.3,3.684299962814238,22.36838343519817,1,0.85,1.1764705882352942,1.114754098360656,2.5454545454545454,24.688535993934703,38.78358759406699,2.916666666666668,40.47619047619047,global_coexistence,2,1,-1.4307004470938895,0.1414172930491804,0.875,1.1818181818181817
18.0,20.0,0.7000000000000001,0.8,0.6,0.3,5.789533474205186,21.578920647156465,1,0.9,1.1111111111111112,1.1803278688524592,2.413793103448276,26.23156949355562,38.78358759406699,4.583333333333336,39.04761904761904,global_coexistence,2,1,-1.2334652345958166,0.2115403905727483,0.875,1.1818181818181817
15.0,18.0,0.7000000000000001,0.9,0.6,0.3,5.333382041419375,17.111091103960124,1,0.8333333333333334,1.2,1.2162162162162162,2.571428571428572,21.602468994692867,32.71651525407879,4.444444444444446,36.66666666666666,global_coexistence,2,1,-1.3552123552123554,0.2376256286736374,0.7777777777777778,1.0833333333333333
15.0,19.0,0.7000000000000001,0.9,0.6,0.3,4.000068900793328,18.66663993284904,1,0.7894736842105263,1.2666666666666666,1.1538461538461535,2.7142857142857144,21.602468994692867,34.64101615137754,3.333333333333336,40.0,global_coexistence,2,1,-1.560439560439561,0.1764732996815289,0.7777777777777778,1.0833333333333333
15.0,20.0,0.7000000000000001,0.9,0.6,0.3,2.6667708139455257,20.22218391953373,1,0.75,1.3333333333333333,1.0975609756097562,2.857142857142857,21.602468994692867,36.56551704867629,2.222222222222225,43.33333333333333,global_coexistence,2,1,-1.759581881533101,0.1165090693304962,0.7777777777777778,1.0833333333333333
16.0,20.0,0.7000000000000001,0.9,0.6,0.3,4.666726142495036,19.55553213015952,1,0.8,1.25,1.170731707317073,2.692307692307692,23.145502494313785,36.56551704867629,3.888888888888889,41.9047619047619,global_coexistence,2,1,-1.5215759849906187,0.1926627191389286,0.7777777777777778,1.0833333333333333
15.0,18.0,0.8,0.9,0.6,0.3,4.444488014354951,17.40738951170103,1,0.8333333333333334,1.2,1.2162162162162162,2.8799999999999994,20.207259421636905,32.71651525407879,4.444444444444446,39.16666666666666,global_coexistence,2,1,-1.6637837837837832,0.2033915854166482,0.888888888888889,1.1666666666666663
15.0,19.0,0.8,0.9,0.6,0.3,3.3333941278365464,18.88886530107175,1,0.7894736842105263,1.2666666666666666,1.1538461538461535,3.04,20.207259421636905,34.64101615137754,3.333333333333336,42.49999999999999,global_coexistence,2,1,-1.8861538461538456,0.1500024846033536,0.888888888888889,1.1666666666666663
15.0,20.0,0.8,0.9,0.6,0.3,2.2223212485405504,20.370333951525986,1,0.75,1.3333333333333333,1.0975609756097562,3.2,20.207259421636905,36.56551704867629,2.222222222222225,45.83333333333332,global_coexistence,2,1,-2.1024390243902435,0.0983647662862577,0.888888888888889,1.1666666666666663
16.0,19.0,0.8,0.9,0.6,0.3,5.000045703428678,18.33331433467925,1,0.8421052631578947,1.1875,1.2307692307692308,2.8679245283018866,21.65063509461097,34.64101615137754,5.0,41.24999999999999,global_coexistence,2,1,-1.6371552975326558,0.2142874277541951,0.888888888888889,1.1666666666666663
16.0,20.0,0.8,0.9,0.6,0.3,3.888949852179994,19.81479080436096,1,0.8,1.25,1.170731707317073,3.0188679245283017,21.65063509461097,36.56551704867629,3.888888888888889,44.58333333333332,global_coexistence,2,1,-1.8481362172112283,0.1640648161203558,0.888888888888889,1.1666666666666663
17.0,20.0,0.8,0.9,0.6,0.3,5.555599669714189,19.25924072528217,1,0.85,1.1764705882352942,1.2439024390243902,2.8571428571428568,23.09401076758503,36.56551704867629,5.555555555555557,43.33333333333332,global_coexistence,2,1,-1.6132404181184663,0.2238821439623046,0.888888888888889,1.1666666666666663
15.0,16.0,0.8,0.9,0.7000000000000001,0.3,4.1177028702488,15.294095340337236,1,0.9375,1.0666666666666669,1.1842105263157896,2.56,18.708286933869704,28.867513459481284,3.3333333333333286,32.49999999999999,global_coexistence,2,1,-1.37578947368421,0.2121237211297225,0.888888888888889,1.2499999999999998
15.0,17.0,0.8,0.9,0.7000000000000001,0.3,2.74518378046906,16.862712976495487,1,0.8823529411764706,1.1333333333333333,1.115702479338843,2.72,18.708286933869704,30.79201435678004,2.222222222222218,35.83333333333333,global_coexistence,2,1,-1.6042975206611567,0.1400039899482842,0.888888888888889,1.2499999999999998
15.0,18.0,0.8,0.9,0.7000000000000001,0.3,1.372734446575313,18.4313071478072,1,0.8333333333333334,1.2,1.0546875,2.8799999999999994,18.708286933869704,32.71651525407879,1.1111111111111072,39.16666666666666,global_coexistence,2,1,-1.8253125,0.0693158737338086,0.888888888888889,1.2499999999999998
15.0,19.0,0.8,0.9,0.7000000000000001,0.3,0.0264793782764459,19.99116421022992,0,0.7894736842105263,1.2666666666666666,1.0,3.04,18.708286933869704,34.64101615137754,-3.552713678800501e-15,42.49999999999999,global_competitive_exclusion,2,0,-2.04,0.0013228019651448,0.888888888888889,1.2499999999999998
15.0,20.0,0.8,0.9,0.7000000000000001,0.3,0.0001849048390326,21.1110461023874,0,0.75,1.3333333333333333,0.9507042253521126,3.2,18.708286933869704,36.56551704867629,-1.1111111111111145,45.83333333333332,global_competitive_exclusion,2,0,-2.249295774647887,8.758600527339426e-06,0.888888888888889,1.2499999999999998
16.0,17.0,0.8,0.9,0.7000000000000001,0.3,4.509856967005857,16.274488506350686,1,0.9411764705882352,1.0625,1.1900826446280992,2.5660377358490565,20.04459314343183,30.79201435678004,3.650793650793649,34.58333333333333,global_coexistence,2,1,-1.3759550912209573,0.2169833528213358,0.888888888888889,1.2499999999999998
16.0,18.0,0.8,0.9,0.7000000000000001,0.3,3.1373361076619304,17.843106575211426,1,0.8888888888888888,1.125,1.125,2.7169811320754715,20.04459314343183,32.71651525407879,2.5396825396825378,37.91666666666666,global_coexistence,2,1,-1.5919811320754715,0.149536220712015,0.888888888888889,1.2499999999999998
16.0,19.0,0.8,0.9,0.7000000000000001,0.3,1.764856411836309,19.41171098375559,1,0.8421052631578947,1.1875,1.0666666666666669,2.8679245283018866,20.04459314343183,34.64101615137754,1.428571428571427,41.24999999999999,global_coexistence,2,1,-1.80125786163522,0.0833400606844185,0.888888888888889,1.2499999999999998
16.0,20.0,0.8,0.9,0.7000000000000001,0.3,0.3928623886292423,20.98015348565092,1,0.8,1.25,1.0140845070422535,3.0188679245283017,20.04459314343183,36.56551704867629,0.3174603174603163,44.58333333333332,global_coexistence,2,1,-2.004783417486048,0.0183812331839422,0.888888888888889,1.2499999999999998
17.0,18.0,0.8,0.9,0.7000000000000001,0.3,4.902012994225651,17.254880915008307,1,0.9444444444444444,1.0588235294117647,1.1953125,2.571428571428571,21.38089935299395,32.71651525407879,3.968253968253965,36.66666666666666,global_coexistence,2,1,-1.3761160714285712,0.2212409832491332,0.888888888888889,1.2499999999999998
17.0,19.0,0.8,0.9,0.7000000000000001,0.3,3.5294901808447574,18.82349956487814,1,0.8947368421052632,1.1176470588235294,1.1333333333333333,2.714285714285714,21.38089935299395,34.64101615137754,2.857142857142854,39.99999999999999,global_coexistence,2,1,-1.5809523809523809,0.1578979018464455,0.888888888888889,1.2499999999999998
17.0,20.0,0.8,0.9,0.7000000000000001,0.3,2.15699446688496,20.392109358978573,1,0.85,1.1764705882352942,1.0774647887323945,2.8571428571428568,21.38089935299395,36.56551704867629,1.7460317460317434,43.33333333333332,global_coexistence,2,1,-1.7796780684104625,0.0956576582174815,0.888888888888889,1.2499999999999998
18.0,19.0,0.8,0.9,0.7000000000000001,0.3,5.29417054695348,18.23527271840826,1,0.9473684210526316,1.0555555555555556,1.2,2.5762711864406778,22.71720556255607,34.64101615137754,4.285714285714285,38.74999999999999,global_coexistence,2,1,-1.3762711864406778,0.2250019470178946,0.888888888888889,1.2499999999999998
18.0,20.0,0.8,0.9,0.7000000000000001,0.3,3.92164284428373,19.80389313271249,1,0.9,1.1111111111111112,1.1408450704225352,2.711864406779661,22.71720556255607,36.56551704867629,3.174603174603174,42.08333333333332,global_coexistence,2,1,-1.5710193363571257,0.1652920653967974,0.888888888888889,1.2499999999999998
19.0,20.0,0.8,0.9,0.7000000000000001,0.3,5.6863209478000725,19.215667430116007,1,0.95,1.0526315789473684,1.204225352112676,2.580645161290322,24.053511772118192,36.56551704867629,4.603174603174601,40.83333333333332,global_coexistence,2,1,-1.376419809177646,0.2283480684957227,0.888888888888889,1.2499999999999998
15.0,20.0,0.5,0.6,0.4,0.4,5.7143960273123,27.857061704213347,1,0.75,1.3333333333333333,1.097560975609756,1.6393442622950818,31.304951684997057,38.78358759406699,3.333333333333332,19.5,global_coexistence,2,1,-0.5417832866853258,0.1702159040280855,0.8333333333333334,0.9
15.0,18.0,0.6,0.7000000000000001,0.5,0.4,5.909167537675581,20.90904050089905,1,0.8333333333333334,1.2,1.1413043478260871,1.7419354838709675,25.56038601690776,32.126980205784314,3.7142857142857153,19.166666666666664,global_coexistence,2,1,-0.6006311360448806,0.2203416249577892,0.857142857142857,1.0
15.0,19.0,0.6,0.7000000000000001,0.5,0.4,3.63649007321643,23.63628505887173,1,0.7894736842105263,1.2666666666666666,1.082474226804124,1.8387096774193548,25.56038601690776,34.01680257083045,2.2857142857142883,21.666666666666664,global_coexistence,2,1,-0.7562354506152309,0.1333377353644465,0.857142857142857,1.0
15.0,20.0,0.6,0.7000000000000001,0.5,0.4,1.3639855859066166,26.36343061533357,1,0.75,1.3333333333333333,1.0294117647058825,1.935483870967741,25.56038601690776,35.906624935876586,0.8571428571428612,24.166666666666664,global_coexistence,2,1,-0.9060721062618592,0.0491926682243695,0.857142857142857,1.0
16.0,19.0,0.6,0.7000000000000001,0.5,0.4,6.8182525417451485,21.818134736842023,1,0.8421052631578947,1.1875,1.154639175257732,1.727272727272727,27.386127875258307,34.01680257083045,4.285714285714288,20.0,global_coexistence,2,1,-0.572633552014995,0.2380975112333212,0.857142857142857,1.0
16.0,20.0,0.6,0.7000000000000001,0.5,0.4,4.545560104143075,24.54538795933927,1,0.8,1.25,1.0980392156862746,1.818181818181818,27.386127875258307,35.906624935876586,2.857142857142861,22.5,global_coexistence,2,1,-0.7201426024955433,0.1562534192499928,0.857142857142857,1.0
15.0,20.0,0.6,0.8,0.5,0.4,6.071494191567493,20.714247136443863,1,0.75,1.3333333333333333,1.1650485436893203,1.935483870967741,25.56038601690776,33.587572106361,4.25,24.166666666666664,global_coexistence,2,1,-0.7704353272784215,0.2266688876450169,0.7499999999999999,0.9166666666666666
15.0,19.0,0.7000000000000001,0.8,0.5,0.4,6.111158216616603,19.44441522306837,1,0.7894736842105263,1.2666666666666666,1.2244897959183674,2.111111111111111,23.664319132398465,31.81980515339464,5.5,25.000000000000004,global_coexistence,2,1,-0.8866213151927438,0.2391321106935778,0.875,1.0
15.0,20.0,0.7000000000000001,0.8,0.5,0.4,4.722282550337809,21.388853425715304,1,0.75,1.3333333333333333,1.1650485436893203,2.2222222222222223,23.664319132398465,33.587572106361,4.25,27.500000000000004,global_coexistence,2,1,-1.057173678532902,0.1808532020463866,0.875,1.0
15.0,20.0,0.8,0.9,0.5,0.4,5.961572731440948,18.461518357328867,1,0.75,1.3333333333333333,1.2980769230769231,2.5,22.13594362117865,31.66666666666666,6.888888888888889,30.0,global_coexistence,2,1,-1.2019230769230769,0.2440957497874701,0.888888888888889,1.0
15.0,17.0,0.7000000000000001,0.8,0.6,0.4,5.000075119619336,17.499956232287374,1,0.8823529411764706,1.1333333333333333,1.153846153846154,1.8888888888888888,21.602468994692867,28.28427124746189,3.333333333333336,20.000000000000004,global_coexistence,2,1,-0.7350427350427349,0.2222252512192885,0.875,1.0833333333333333
15.0,18.0,0.7000000000000001,0.8,0.6,0.4,3.1251124171971245,19.6874383460168,1,0.8333333333333334,1.2,1.090909090909091,2.0,21.602468994692867,30.052038200428264,2.083333333333336,22.500000000000004,global_coexistence,2,1,-0.909090909090909,0.1369909244097544,0.875,1.0833333333333333
15.0,19.0,0.7000000000000001,0.8,0.6,0.4,1.2502891885058562,21.87485012903821,1,0.7894736842105263,1.2666666666666666,1.0344827586206895,2.111111111111111,21.602468994692867,31.81980515339464,0.8333333333333357,25.000000000000004,global_coexistence,2,1,-1.0766283524904214,0.0540662337786356,0.875,1.0833333333333333
15.0,20.0,0.7000000000000001,0.8,0.6,0.4,0.0005917244279257,23.7496989376532,0,0.75,1.3333333333333333,0.9836065573770492,2.2222222222222223,21.602468994692867,33.587572106361,-0.4166666666666643,27.500000000000004,global_competitive_exclusion,2,0,-1.238615664845173,2.4914407842195622e-05,0.875,1.0833333333333333
16.0,18.0,0.7000000000000001,0.8,0.6,0.4,5.625071052420793,18.437458250354585,1,0.8888888888888888,1.125,1.1636363636363638,1.8805970149253728,23.145502494313785,30.052038200428264,3.75,21.071428571428573,global_coexistence,2,1,-0.7169606512890094,0.2337689019155603,0.875,1.0833333333333333
16.0,19.0,0.7000000000000001,0.8,0.6,0.4,3.750106036799327,20.62494115240968,1,0.8421052631578947,1.1875,1.1034482758620692,1.985074626865672,23.145502494313785,31.81980515339464,2.5,23.571428571428573,global_coexistence,2,1,-0.8816263510036024,0.1538502062248119,0.875,1.0833333333333333
16.0,20.0,0.7000000000000001,0.8,0.6,0.4,1.875209759863938,22.812389672705955,1,0.8,1.25,1.0491803278688523,2.0895522388059704,23.145502494313785,33.587572106361,1.25,26.071428571428573,global_coexistence,2,1,-1.040371910937118,0.0759575577603551,0.875,1.0833333333333333
17.0,19.0,0.7000000000000001,0.8,0.6,0.4,6.250064255053091,19.37496196155719,1,0.8947368421052632,1.1176470588235294,1.1724137931034484,1.8732394366197185,24.688535993934703,31.81980515339464,4.166666666666668,22.142857142857142,global_coexistence,2,1,-0.7008256435162701,0.2439046970028762,0.875,1.0833333333333333
17.0,20.0,0.7000000000000001,0.8,0.6,0.4,4.375092185856414,21.56244829939948,1,0.85,1.1764705882352942,1.114754098360656,1.971830985915493,24.688535993934703,33.587572106361,2.916666666666668,24.642857142857142,global_coexistence,2,1,-0.8570768875548371,0.1686779896630299,0.875,1.0833333333333333
15.0,19.0,0.7000000000000001,0.9,0.6,0.4,4.615453759607793,17.948682174164684,1,0.7894736842105263,1.2666666666666666,1.1538461538461535,2.111111111111111,21.602468994692867,30.0,3.333333333333336,25.000000000000004,global_coexistence,2,1,-0.9572649572649574,0.204548216388809,0.7777777777777778,1.0
15.0,20.0,0.7000000000000001,0.9,0.6,0.4,3.077029520469394,19.74353754500769,1,0.75,1.3333333333333333,1.0975609756097562,2.2222222222222223,21.602468994692867,31.66666666666666,2.222222222222225,27.500000000000004,global_coexistence,2,1,-1.124661246612466,0.134835804545993,0.7777777777777778,1.0
16.0,20.0,0.7000000000000001,0.9,0.6,0.4,5.384675249920582,18.717917276149908,1,0.8,1.25,1.170731707317073,2.0895522388059704,23.145502494313785,31.66666666666666,3.888888888888889,26.071428571428573,global_coexistence,2,1,-0.9188205314888972,0.2234064756351942,0.7777777777777778,1.0
15.0,18.0,0.8,0.9,0.6,0.4,5.0000454990193965,16.66664174610657,1,0.8333333333333334,1.2,1.2162162162162162,2.25,20.207259421636905,28.33333333333333,4.444444444444446,25.0,global_coexistence,2,1,-1.0337837837837838,0.2307711115433293,0.888888888888889,1.0769230769230769
15.0,19.0,0.8,0.9,0.6,0.4,3.750071267940336,18.33329646191514,1,0.7894736842105263,1.2666666666666666,1.1538461538461535,2.375,20.207259421636905,30.0,3.333333333333336,27.5,global_coexistence,2,1,-1.2211538461538465,0.1698142834831505,0.888888888888889,1.0769230769230769
15.0,20.0,0.8,0.9,0.6,0.4,2.5001025421782743,19.999949715775152,1,0.75,1.3333333333333333,1.0975609756097562,2.5,20.207259421636905,31.66666666666666,2.222222222222225,30.0,global_coexistence,2,1,-1.4024390243902438,0.1111154104673035,0.888888888888889,1.0769230769230769
16.0,19.0,0.8,0.9,0.6,0.4,5.625047806277384,17.499973499567595,1,0.8421052631578947,1.1875,1.2307692307692308,2.235294117647059,21.65063509461097,30.0,5.0,26.25,global_coexistence,2,1,-1.004524886877828,0.2432450864317959,0.888888888888889,1.0769230769230769
16.0,20.0,0.8,0.9,0.6,0.4,4.375062667924508,19.166633754795456,1,0.8,1.25,1.170731707317073,2.3529411764705883,21.65063509461097,31.66666666666666,3.888888888888889,28.75,global_coexistence,2,1,-1.182209469153515,0.1858431350640542,0.888888888888889,1.0769230769230769
15.0,16.0,0.8,0.9,0.7000000000000001,0.4,4.772784718327021,14.545423930904835,1,0.9375,1.0666666666666669,1.1842105263157896,2.0,18.708286933869704,25.0,3.3333333333333286,20.0,global_coexistence,2,1,-0.8157894736842104,0.2470614540399841,0.888888888888889,1.1538461538461535
15.0,17.0,0.8,0.9,0.7000000000000001,0.4,3.1819064802751207,16.363592256163415,1,0.8823529411764706,1.1333333333333333,1.115702479338843,2.125,18.708286933869704,26.666666666666664,2.222222222222218,22.5,global_coexistence,2,1,-1.009297520661157,0.1627948472014743,0.888888888888889,1.1538461538461535
15.0,18.0,0.8,0.9,0.7000000000000001,0.4,1.5910972060251067,18.18172971527721,1,0.8333333333333334,1.2,1.0546875,2.25,18.708286933869704,28.33333333333333,1.1111111111111072,25.0,global_coexistence,2,1,-1.1953125,0.0804688784440293,0.888888888888889,1.1538461538461535
15.0,19.0,0.8,0.9,0.7000000000000001,0.4,0.0307241954629132,19.98633035206292,0,0.7894736842105263,1.2666666666666666,1.0,2.375,18.708286933869704,30.0,-3.552713678800501e-15,27.5,global_competitive_exclusion,2,0,-1.375,0.0015349009211103,0.888888888888889,1.1538461538461535
15.0,20.0,0.8,0.9,0.7000000000000001,0.4,0.0001855418220105,21.11102413429904,0,0.75,1.3333333333333333,0.9507042253521126,2.5,18.708286933869704,31.66666666666666,-1.1111111111111145,30.0,global_competitive_exclusion,2,0,-1.5492957746478877,8.78878211419711e-06,0.888888888888889,1.1538461538461535
16.0,18.0,0.8,0.9,0.7000000000000001,0.4,3.636447101649749,17.272685226868408,1,0.8888888888888888,1.125,1.125,2.117647058823529,20.04459314343183,28.33333333333333,2.5396825396825378,23.75,global_coexistence,2,1,-0.9926470588235294,0.1739166907796535,0.888888888888889,1.1538461538461535
16.0,19.0,0.8,0.9,0.7000000000000001,0.4,2.0456041647749563,19.09083789367354,1,0.8421052631578947,1.1875,1.0666666666666669,2.235294117647059,20.04459314343183,30.0,1.428571428571427,26.25,global_coexistence,2,1,-1.1686274509803922,0.0967809132264672,0.888888888888889,1.1538461538461535
16.0,20.0,0.8,0.9,0.7000000000000001,0.4,0.4552568008609178,20.90877005639631,1,0.8,1.25,1.0140845070422535,2.3529411764705883,20.04459314343183,31.66666666666666,0.3174603174603163,28.75,global_coexistence,2,1,-1.3388566694283348,0.0213095033021019,0.888888888888889,1.1538461538461535
17.0,19.0,0.8,0.9,0.7000000000000001,0.4,4.090989584501686,18.1817773303258,1,0.8947368421052632,1.1176470588235294,1.1333333333333333,2.111111111111111,21.38089935299395,30.0,2.857142857142854,25.0,global_coexistence,2,1,-0.977777777777778,0.1836767564688256,0.888888888888889,1.1538461538461535
17.0,20.0,0.8,0.9,0.7000000000000001,0.4,2.500128739212188,19.99993809492259,1,0.85,1.1764705882352942,1.0774647887323945,2.2222222222222223,21.38089935299395,31.66666666666666,1.7460317460317434,27.5,global_coexistence,2,1,-1.144757433489828,0.1111165027927495,0.888888888888889,1.1538461538461535
18.0,20.0,0.8,0.9,0.7000000000000001,0.4,4.545530761501808,19.09087015375456,1,0.9,1.1111111111111112,1.1408450704225352,2.1052631578947367,22.71720556255607,31.66666666666666,3.174603174603174,26.25,global_coexistence,2,1,-0.9644180874722016,0.1923106135235608,0.888888888888889,1.1538461538461535
15.0,20.0,0.5,0.6,0.4,0.5,8.000124715959556,24.99988529416709,1,0.75,1.3333333333333333,1.097560975609756,1.3333333333333333,31.304951684997057,34.68909530866053,3.333333333333332,10.0,global_coexistence,2,1,-0.2357723577235773,0.2424279481583361,0.8333333333333334,0.8181818181818181
15.0,19.0,0.6,0.7000000000000001,0.5,0.5,4.70601597606563,22.352837364848845,1,0.7894736842105263,1.2666666666666666,1.082474226804124,1.4999999999999998,25.56038601690776,30.4255531702266,2.2857142857142883,12.666666666666664,global_coexistence,2,1,-0.4175257731958759,0.1739177901138137,0.857142857142857,0.9166666666666666
15.0,20.0,0.6,0.7000000000000001,0.5,0.5,1.7650538341300408,25.882096689377324,1,0.75,1.3333333333333333,1.0294117647058825,1.5789473684210524,25.56038601690776,32.11586167968363,0.8571428571428612,14.666666666666664,global_coexistence,2,1,-0.54953560371517,0.0638421609716806,0.857142857142857,0.9166666666666666
16.0,20.0,0.6,0.7000000000000001,0.5,0.5,5.882474065374766,22.941080956300333,1,0.8,1.25,1.0980392156862746,1.4814814814814814,27.386127875258307,32.11586167968363,2.857142857142861,13.0,global_coexistence,2,1,-0.3834422657952068,0.2040856535896141,0.857142857142857,0.9166666666666666
15.0,20.0,0.7000000000000001,0.8,0.5,0.5,5.483939193137763,20.322530505448217,1,0.75,1.3333333333333333,1.1650485436893203,1.8181818181818183,23.664319132398465,30.041637771599603,4.25,18.000000000000004,global_coexistence,2,1,-0.6531332744924983,0.2125024948080459,0.875,0.9230769230769232
15.0,18.0,0.7000000000000001,0.8,0.6,0.5,3.84627266534634,18.8460723858683,1,0.8333333333333334,1.2,1.090909090909091,1.636363636363637,21.602468994692867,26.879360111431225,2.083333333333336,14.000000000000004,global_coexistence,2,1,-0.5454545454545456,0.1694964824774891,0.875,1.0
15.0,19.0,0.7000000000000001,0.8,0.6,0.5,1.538764546840476,21.538265245735943,1,0.7894736842105263,1.2666666666666666,1.0344827586206895,1.7272727272727275,21.602468994692867,28.46049894151541,0.8333333333333357,16.000000000000004,global_coexistence,2,1,-0.6927899686520378,0.0666794886807953,0.875,1.0
15.0,20.0,0.7000000000000001,0.8,0.6,0.5,0.0005923747870975,23.749623259617195,0,0.75,1.3333333333333333,0.9836065573770492,1.8181818181818183,21.602468994692867,30.041637771599603,-0.4166666666666643,18.000000000000004,global_competitive_exclusion,2,0,-0.8345752608047693,2.494186984304603e-05,0.875,1.0
16.0,19.0,0.7000000000000001,0.8,0.6,0.5,4.615496392066134,19.61530706975085,1,0.8421052631578947,1.1875,1.1034482758620692,1.6219512195121952,23.145502494313785,28.46049894151541,2.5,14.571428571428571,global_coexistence,2,1,-0.5185029436501261,0.1904805343883563,0.875,1.0
16.0,20.0,0.7000000000000001,0.8,0.6,0.5,2.3079015154547724,22.30755475961963,1,0.8,1.25,1.0491803278688523,1.707317073170732,23.145502494313785,30.041637771599603,1.25,16.571428571428573,global_coexistence,2,1,-0.6581367453018794,0.0937582261187558,0.875,1.0
17.0,20.0,0.7000000000000001,0.8,0.6,0.5,5.384713125678754,20.384546860286168,1,0.85,1.1764705882352942,1.114754098360656,1.6091954022988508,24.688535993934703,30.041637771599603,2.916666666666668,15.142857142857146,global_coexistence,2,1,-0.4944413039381949,0.208958779903323,0.875,1.0
15.0,19.0,0.7000000000000001,0.9,0.6,0.5,5.4546188784879615,16.96964947732756,1,0.7894736842105263,1.2666666666666666,1.1538461538461535,1.7272727272727275,21.602468994692867,26.83281572999748,3.333333333333336,16.000000000000004,global_coexistence,2,1,-0.5734265734265738,0.2432462362623018,0.7777777777777778,0.9285714285714288
15.0,20.0,0.7000000000000001,0.9,0.6,0.5,3.636475655966069,19.090840420486376,1,0.75,1.3333333333333333,1.0975609756097562,1.8181818181818183,21.602468994692867,28.323527714997336,2.222222222222225,18.000000000000004,global_coexistence,2,1,-0.7206208425720624,0.1600046236754627,0.7777777777777778,0.9285714285714288
15.0,19.0,0.8,0.9,0.6,0.5,4.285786348302022,17.61900101132231,1,0.7894736842105263,1.2666666666666666,1.1538461538461535,1.948717948717949,20.207259421636905,26.83281572999748,3.333333333333336,18.5,global_coexistence,2,1,-0.7948717948717949,0.1956552363617887,0.888888888888889,1.0
15.0,20.0,0.8,0.9,0.6,0.5,2.85724747139332,19.52374539557928,1,0.75,1.3333333333333333,1.0975609756097562,2.051282051282051,20.207259421636905,28.323527714997336,2.222222222222225,20.5,global_coexistence,2,1,-0.9537210756722948,0.1276640177840247,0.888888888888889,1.0
16.0,20.0,0.8,0.9,0.6,0.5,5.000063766313117,18.3332914679494,1,0.8,1.25,1.170731707317073,1.927710843373494,21.65063509461097,28.323527714997336,3.888888888888889,19.25,global_coexistence,2,1,-0.7569791360564206,0.2142882459943464,0.888888888888889,1.0
15.0,17.0,0.8,0.9,0.7000000000000001,0.5,3.783879063535376,15.67561617955974,1,0.8823529411764706,1.1333333333333333,1.115702479338843,1.7435897435897436,18.708286933869704,23.85139175999776,2.222222222222218,14.5,global_coexistence,2,1,-0.6278872642509006,0.1944489831964178,0.888888888888889,1.0714285714285714
15.0,18.0,0.8,0.9,0.7000000000000001,0.5,1.892077802866172,17.83772854905677,1,0.8333333333333334,1.2,1.0546875,1.8461538461538465,18.708286933869704,25.34210374499761,1.1111111111111072,16.5,global_coexistence,2,1,-0.7914663461538463,0.0958994614096535,0.888888888888889,1.0714285714285714
15.0,19.0,0.8,0.9,0.7000000000000001,0.5,0.0365860885213771,19.97965285757046,0,0.7894736842105263,1.2666666666666666,1.0,1.948717948717949,18.708286933869704,26.83281572999748,-3.552713678800501e-15,18.5,global_competitive_exclusion,2,0,-0.9487179487179488,0.0018278203322767,0.888888888888889,1.0714285714285714
15.0,20.0,0.8,0.9,0.7000000000000001,0.5,0.0001907519054761,21.110999337266254,0,0.75,1.3333333333333333,0.9507042253521126,2.051282051282051,18.708286933869704,28.323527714997336,-1.1111111111111145,20.5,global_competitive_exclusion,2,0,-1.1005778259299386,9.035582772473364e-06,0.888888888888889,1.0714285714285714
16.0,18.0,0.8,0.9,0.7000000000000001,0.5,4.324414687907138,16.48642958282066,1,0.8888888888888888,1.125,1.125,1.7349397590361446,20.04459314343183,25.34210374499761,2.5396825396825378,15.25,global_coexistence,2,1,-0.6099397590361446,0.2077962158406898,0.888888888888889,1.0714285714285714
16.0,19.0,0.8,0.9,0.7000000000000001,0.5,2.4325854152590245,18.648557649915286,1,0.8421052631578947,1.1875,1.0666666666666669,1.8313253012048192,20.04459314343183,26.83281572999748,1.428571428571427,17.25,global_coexistence,2,1,-0.7646586345381525,0.1153915329798987,0.888888888888889,1.0714285714285714
16.0,20.0,0.8,0.9,0.7000000000000001,0.5,0.5412538457665689,20.81040864157809,1,0.8,1.25,1.0140845070422535,1.927710843373494,20.04459314343183,28.323527714997336,0.3174603174603163,19.25,global_coexistence,2,1,-0.9136263363312404,0.025349494264785,0.888888888888889,1.0714285714285714
17.0,19.0,0.8,0.9,0.7000000000000001,0.5,4.864952317728107,17.297241815530448,1,0.8947368421052632,1.1176470588235294,1.1333333333333333,1.7272727272727273,21.38089935299395,26.83281572999748,2.857142857142854,16.0,global_coexistence,2,1,-0.593939393939394,0.2195158244926357,0.888888888888889,1.0714285714285714
17.0,20.0,0.8,0.9,0.7000000000000001,0.5,2.973112257767554,19.459375737758343,1,0.85,1.1764705882352942,1.0774647887323945,1.818181818181818,21.38089935299395,28.323527714997336,1.7460317460317434,18.0,global_coexistence,2,1,-0.7407170294494239,0.1325360012835194,0.888888888888889,1.0714285714285714
18.0,20.0,0.8,0.9,0.7000000000000001,0.5,5.405488648779592,18.10805494663328,1,0.9,1.1111111111111112,1.1408450704225352,1.7204301075268815,22.71720556255607,28.323527714997336,3.174603174603174,16.75,global_coexistence,2,1,-0.5795850371043465,0.2298883036002331,0.888888888888889,1.0714285714285714
15.0,20.0,0.6,0.7000000000000001,0.5,0.6,2.500360580672267,24.999681331784988,1,0.75,1.3333333333333333,1.0294117647058825,1.3333333333333333,25.56038601690776,29.31763649279746,0.8571428571428612,8.333333333333332,global_coexistence,2,1,-0.3039215686274508,0.0909220643601865,0.857142857142857,0.8461538461538461
15.0,18.0,0.7000000000000001,0.8,0.6,0.6,5.0001282455987175,17.499894484472062,1,0.8333333333333334,1.2,1.090909090909091,1.3846153846153848,21.602468994692867,24.537386440559096,2.083333333333336,8.33333333333334,global_coexistence,2,1,-0.2937062937062937,0.2222276975265521,0.875,0.9285714285714288
15.0,19.0,0.7000000000000001,0.8,0.6,0.6,2.000310483405461,20.99975863496732,1,0.7894736842105263,1.2666666666666666,1.0344827586206895,1.4615384615384617,21.602468994692867,25.98076211353316,0.8333333333333357,10.000000000000004,global_coexistence,2,1,-0.4270557029177719,0.0869697596607475,0.875,0.9285714285714288
15.0,20.0,0.7000000000000001,0.8,0.6,0.6,0.0005967599724681,23.74954456624277,0,0.75,1.3333333333333333,0.9836065573770492,1.5384615384615388,21.602468994692867,27.424137786507224,-0.4166666666666643,11.666666666666671,global_competitive_exclusion,2,0,-0.5548549810844895,2.5126586165169872e-05,0.875,0.9285714285714288
16.0,20.0,0.7000000000000001,0.8,0.6,0.6,3.000219646061072,21.49982670280381,1,0.8,1.25,1.0491803278688523,1.4432989690721654,23.145502494313785,27.424137786507224,1.25,10.23809523809524,global_coexistence,2,1,-0.3941186412033128,0.1224577130728601,0.875,0.9285714285714288
15.0,20.0,0.7000000000000001,0.9,0.6,0.6,4.444564792337715,18.148059609419573,1,0.75,1.3333333333333333,1.0975609756097562,1.5384615384615388,21.602468994692867,25.85572506271132,2.222222222222225,11.666666666666671,global_coexistence,2,1,-0.4409005628517826,0.1967263613691559,0.7777777777777778,0.8666666666666667
15.0,19.0,0.8,0.9,0.6,0.6,5.000076583864161,16.666607220677538,1,0.7894736842105263,1.2666666666666666,1.1538461538461535,1.6521739130434785,20.207259421636905,24.49489742783178,3.333333333333336,12.5,global_coexistence,2,1,-0.4983277591973247,0.2307725828728835,0.888888888888889,0.9333333333333332
15.0,20.0,0.8,0.9,0.6,0.6,3.333442497044828,18.88880858372169,1,0.75,1.3333333333333333,1.0975609756097562,1.7391304347826089,20.207259421636905,25.85572506271132,2.222222222222225,14.166666666666668,global_coexistence,2,1,-0.6415694591728527,0.1500047175657168,0.888888888888889,0.9333333333333332
15.0,17.0,0.8,0.9,0.7000000000000001,0.6,4.666765350826078,14.666592715652571,1,0.8823529411764706,1.1333333333333333,1.115702479338843,1.4782608695652175,18.708286933869704,21.77324215807269,2.222222222222218,9.166666666666668,global_coexistence,2,1,-0.3625583902263745,0.2413841058950643,0.888888888888889,1.0
15.0,18.0,0.8,0.9,0.7000000000000001,0.6,2.333530831681956,17.33319401019054,1,0.8333333333333334,1.2,1.0546875,1.565217391304348,18.708286933869704,23.13406979295224,1.1111111111111072,10.833333333333336,global_coexistence,2,1,-0.5105298913043481,0.1186537591004287,0.888888888888889,1.0
15.0,19.0,0.8,0.9,0.7000000000000001,0.6,0.045204997169498,19.96983134295625,0,0.7894736842105263,1.2666666666666666,1.0,1.6521739130434785,18.708286933869704,24.49489742783178,-3.552713678800501e-15,12.5,global_competitive_exclusion,2,0,-0.6521739130434785,0.0022585518407914,0.888888888888889,1.0
15.0,20.0,0.8,0.9,0.7000000000000001,0.6,0.0001927308705714,21.1109755911088,0,0.75,1.3333333333333333,0.9507042253521126,1.7391304347826089,18.708286933869704,25.85572506271132,-1.1111111111111145,14.166666666666668,global_competitive_exclusion,2,0,-0.7884262094304962,9.129332286683309e-06,0.888888888888889,1.0
16.0,19.0,0.8,0.9,0.7000000000000001,0.6,3.000160514951418,17.999885422299226,1,0.8421052631578947,1.1875,1.0666666666666669,1.5510204081632657,20.04459314343183,24.49489742783178,1.428571428571427,11.25,global_coexistence,2,1,-0.4843537414965988,0.1428644739119177,0.888888888888889,1.0
16.0,20.0,0.8,0.9,0.7000000000000001,0.6,0.6673813270750328,20.66618314783061,1,0.8,1.25,1.0140845070422535,1.63265306122449,20.04459314343183,25.85572506271132,0.3174603174603163,12.916666666666668,global_coexistence,2,1,-0.6185685541822366,0.0312831607610656,0.888888888888889,1.0
17.0,20.0,0.8,0.9,0.7000000000000001,0.6,3.6668115586798327,18.66656215301959,1,0.85,1.1764705882352942,1.0774647887323945,1.5384615384615388,21.38089935299395,25.85572506271132,1.7460317460317434,11.666666666666668,global_coexistence,2,1,-0.4609967497291445,0.1641852953348897,0.888888888888889,1.0
15.0,19.0,0.7000000000000001,0.8,0.6,0.7000000000000001,2.857464226918519,19.999708527308886,1,0.7894736842105263,1.2666666666666666,1.0344827586206895,1.2666666666666666,21.602468994692867,24.053511772118192,0.8333333333333357,5.714285714285715,global_coexistence,2,1,-0.2321839080459768,0.1250138964098276,0.875,0.8666666666666667
15.0,20.0,0.7000000000000001,0.8,0.6,0.7000000000000001,0.0005982509694153,23.749467334737822,0,0.75,1.3333333333333333,0.9836065573770492,1.3333333333333333,21.602468994692867,25.38981798168032,-0.4166666666666643,7.142857142857142,global_competitive_exclusion,2,0,-0.349726775956284,2.518944494095956e-05,0.875,0.8666666666666667
16.0,20.0,0.7000000000000001,0.8,0.6,0.7000000000000001,4.285947842470863,19.999785005949978,1,0.8,1.25,1.0491803278688523,1.25,23.145502494313785,25.38981798168032,1.25,5.714285714285712,global_coexistence,2,1,-0.2008196721311475,0.1764800703862454,0.875,0.8666666666666667
15.0,20.0,0.8,0.9,0.6,0.7000000000000001,4.000114560683529,17.999901670643975,1,0.75,1.3333333333333333,1.0975609756097562,1.509433962264151,20.207259421636905,23.937749957251054,2.222222222222225,9.64285714285714,global_coexistence,2,1,-0.4118729866543948,0.1818232549750331,0.888888888888889,0.8749999999999999
15.0,18.0,0.8,0.9,0.7000000000000001,0.7000000000000001,3.043683696214618,16.521570049482293,1,0.8333333333333334,1.2,1.0546875,1.3584905660377358,18.708286933869704,21.41798680385621,1.1111111111111072,6.785714285714285,global_coexistence,2,1,-0.3038030660377357,0.1555657665254677,0.888888888888889,0.9375
15.0,19.0,0.8,0.9,0.7000000000000001,0.7000000000000001,0.0591193240529059,19.95396936049534,0,0.7894736842105263,1.2666666666666666,1.0,1.4339622641509433,18.708286933869704,22.67786838055363,-3.552713678800501e-15,8.214285714285712,global_competitive_exclusion,2,0,-0.4339622641509433,0.0029540329823527,0.888888888888889,0.9375
15.0,20.0,0.8,0.9,0.7000000000000001,0.7000000000000001,0.0001846532612463,21.110959631086576,0,0.75,1.3333333333333333,0.9507042253521126,1.509433962264151,18.708286933869704,23.937749957251054,-1.1111111111111145,9.64285714285714,global_competitive_exclusion,2,0,-0.5587297369120384,8.746719683178333e-06,0.888888888888889,0.9375
16.0,19.0,0.8,0.9,0.7000000000000001,0.7000000000000001,3.91321810883457,16.956376304109494,1,0.8421052631578947,1.1875,1.0666666666666669,1.345132743362832,20.04459314343183,22.67786838055363,1.428571428571427,6.964285714285712,global_coexistence,2,1,-0.2784660766961653,0.1875081053998564,0.888888888888889,0.9375
16.0,20.0,0.8,0.9,0.7000000000000001,0.7000000000000001,0.8702968519461195,20.434205105846527,1,0.8,1.25,1.0140845070422535,1.415929203539823,20.04459314343183,23.937749957251054,0.3174603174603163,8.392857142857139,global_coexistence,2,1,-0.4018446964975695,0.0408503730183557,0.888888888888889,0.9375
17.0,20.0,0.8,0.9,0.7000000000000001,0.7000000000000001,4.782766800687982,17.391171289527747,1,0.85,1.1764705882352942,1.0774647887323945,1.3333333333333333,21.38089935299395,23.937749957251054,1.7460317460317434,7.142857142857139,global_coexistence,2,1,-0.255868544600939,0.2156931610988119,0.888888888888889,0.9375
15.0,20.0,0.8,0.9,0.6,0.8,5.0001275531976965,16.666541530169127,1,0.75,1.3333333333333333,1.0975609756097562,1.3333333333333333,20.207259421636905,22.391714737574,2.222222222222225,6.25,global_coexistence,2,1,-0.235772357723577,0.2307750920992382,0.888888888888889,0.8235294117647057
15.0,18.0,0.8,0.9,0.7000000000000001,0.8,4.375230056423781,14.99978359345823,1,0.8333333333333334,1.2,1.0546875,1.2,18.708286933869704,20.034692133618844,1.1111111111111072,3.75,global_coexistence,2,1,-0.1453124999999999,0.225818166401675,0.888888888888889,0.8823529411764705
15.0,19.0,0.8,0.9,0.7000000000000001,0.8,0.0853530208762249,19.92404953978252,0,0.7894736842105263,1.2666666666666666,1.0,1.2666666666666666,18.708286933869704,21.213203435596423,-3.552713678800501e-15,5.0,global_competitive_exclusion,2,0,-0.2666666666666666,0.0042656456442153,0.888888888888889,0.8823529411764705
15.0,20.0,0.8,0.9,0.7000000000000001,0.8,0.0001907165030705,21.11093230671189,0,0.75,1.3333333333333333,0.9507042253521126,1.3333333333333333,18.708286933869704,22.391714737574,-1.1111111111111145,6.25,global_competitive_exclusion,2,0,-0.3826291079812206,9.033934521667678e-06,0.888888888888889,0.8823529411764705
16.0,20.0,0.8,0.9,0.7000000000000001,0.8,1.2507393766718102,19.999333012377765,1,0.8,1.25,1.0140845070422535,1.25,20.04459314343183,22.391714737574,0.3174603174603163,5.0,global_coexistence,2,1,-0.2359154929577465,0.0588581231053279,0.888888888888889,0.8823529411764705
