r1,r2,a11,a22,a12,a21,N1_eq,N2_eq,SoS1,SoS2,nu,nu_CE,rare_species,self_limitation,rare_extinction_rate,common_extinction_rate,mean_coexistence_time
3.7,3.3,2.3,1.9,1.7,0.37,0.35,1.1,1.1,2.6,0.57,1.696497090495389,species1_rare,weak,0.5,0.27,1.6
15.0,4.0,2.3,1.0,0.91,0.26,5.7,1.5,1.1,5.8,-9.9,16.05647229161291,species2_rare,strong,0.93,0.062,6.2
14.0,2.4,2.3,0.99,0.28,0.043,5.8,1.2,1.7,11.0,-22.0,48.157509051424405,species2_rare,strong,0.98,0.016,4.3
8.6,9.8,0.92,1.8,0.57,0.88,7.6,1.2,2.6,1.0,5.0,22.193237036472386,species2_rare,weak,0.93,0.065,7.5
3.5,15.0,0.56,0.79,0.1,0.26,1.3,18.0,5.4,1.6,-31.0,367.12830520665767,species1_rare,strong,1.0,0.0,6.9
3.8,3.2,2.4,2.0,2.1,1.8,1.0,0.15,0.98,1.2,-0.11,0.10574661769197227,species2_rare,strong,0.34,0.33,1.4
5.6,9.0,2.9,1.6,0.57,2.1,0.79,4.0,2.3,1.3,-1.7,-1.1401759086759504,species1_rare,strong,0.69,0.24,2.8
7.6,13.0,2.7,2.9,0.95,0.18,0.95,4.2,2.7,5.3,4.2,105.16084831716717,species1_rare,weak,0.92,0.059,4.0
15.0,8.5,0.87,3.0,1.6,0.37,15.0,0.7,1.6,2.2,-3.6,10.753936803667656,species2_rare,strong,0.99,0.01,5.1
9.9,16.0,1.9,2.8,1.5,1.8,1.2,4.4,1.8,1.0,-1.2,4.219274071577809,species1_rare,strong,0.68,0.3,5.4
12.0,10.0,2.5,2.9,0.82,1.5,4.2,1.0,2.9,1.6,2.1,14.092871400758199,species2_rare,weak,0.83,0.15,4.6
16.0,9.0,0.51,1.6,1.5,0.049,17.0,4.5,1.1,6.6,-35.0,-799.2513898763385,species2_rare,strong,0.97,0.028,53.0
17.0,19.0,2.0,0.94,0.27,0.18,5.5,18.0,3.0,7.2,26.0,332.67727096273694,species1_rare,weak,1.0,0.0,77.0
14.0,19.0,0.86,0.2,0.14,0.13,0.76,91.0,1.4,4.9,160.0,5547.740639915123,species1_rare,weak,1.0,0.0,12.0
9.2,9.6,1.7,2.8,0.42,1.6,4.6,0.49,4.2,1.1,6.3,31.439478965473945,species2_rare,weak,0.89,0.091,4.3
14.0,16.0,2.9,2.9,2.5,1.3,0.085,4.9,1.1,2.0,2.1,16.10711510533149,species1_rare,weak,0.83,0.15,4.8
12.0,17.0,1.8,1.0,0.26,0.46,4.3,13.0,3.4,3.1,-1.4,5.5030495830175745,species1_rare,strong,1.0,0.0,34.0
20.0,4.2,1.5,1.4,1.2,0.21,12.0,0.47,1.1,5.3,-25.0,64.98496758647404,species2_rare,strong,1.0,0.0015,4.4
5.5,7.2,1.9,1.6,0.87,2.4,2.2,0.56,1.7,0.81,0.71,1.0978283079767004,species2_rare,weak,0.49,0.4,2.6
14.0,11.0,2.0,0.79,0.66,0.44,2.7,11.0,1.2,3.7,9.9,35.492586755816106,species1_rare,weak,0.99,0.01,13.0
5.6,4.1,2.5,1.3,1.7,0.35,0.27,2.2,0.82,3.4,2.6,6.615817622395836,species1_rare,weak,0.67,0.21,2.2
20.0,3.0,0.89,1.4,0.072,0.016,21.0,1.2,2.7,15.0,-120.0,1476.3849382704318,species2_rare,strong,1.0,0.0,4.2
4.2,13.0,2.7,2.5,0.38,1.3,0.52,4.7,4.6,1.7,-6.2,9.806311150456692,species1_rare,strong,0.91,0.059,2.6
4.8,5.8,2.1,2.8,1.2,2.3,1.6,0.39,1.9,0.93,0.58,0.731840824756354,species2_rare,weak,0.48,0.32,1.8
3.6,6.9,1.5,1.4,0.44,1.9,0.76,3.3,2.4,0.84,-2.0,-0.07228093046003557,species1_rare,strong,0.57,0.34,2.6
5.5,12.0,2.8,1.1,0.34,0.45,0.44,9.7,2.8,3.2,1.9,91.48632836700457,species1_rare,weak,1.0,0.0015,3.2
8.5,2.2,1.6,1.2,2.7,0.031,3.1,0.92,0.58,7.5,-7.4,-33.73162893030637,species2_rare,strong,0.57,0.3,2.5
7.5,16.0,2.7,1.4,0.42,0.078,0.72,11.0,2.9,6.3,17.0,957.9468039389327,species1_rare,weak,1.0,0.0005,4.0
4.0,7.8,1.9,1.9,0.58,0.45,0.55,3.3,2.6,2.3,-0.32,16.361131977405766,species1_rare,strong,0.84,0.11,2.8
13.0,17.0,2.7,1.7,0.84,1.2,1.9,7.9,1.9,2.0,0.43,12.311154699455056,species1_rare,weak,0.95,0.044,8.7
8.7,7.6,1.3,1.4,1.6,0.88,0.69,4.2,0.89,1.4,0.96,2.824697880619855,species1_rare,weak,0.58,0.39,4.8
7.4,6.3,2.4,2.8,0.77,1.5,2.4,0.65,2.6,1.5,0.91,4.724612544684986,species2_rare,weak,0.65,0.25,2.5
8.8,4.1,1.3,1.6,2.9,0.5,4.7,0.48,0.61,2.3,-3.5,0.42739121012147924,species2_rare,strong,0.52,0.39,2.7
13.0,1.6,1.7,0.88,0.29,0.057,7.0,0.28,1.4,9.4,-27.0,124.67699267169638,species2_rare,strong,0.99,0.004,2.9
6.2,7.2,2.5,2.6,2.1,0.71,0.17,2.3,1.2,2.5,1.4,7.026037403470928,species1_rare,weak,0.65,0.24,2.3
19.0,18.0,1.7,1.7,0.37,1.3,10.0,2.4,3.8,1.3,9.6,136.70293647581724,species2_rare,weak,1.0,0.002,12.0
5.3,2.7,1.4,1.6,0.99,0.2,2.5,0.74,1.3,3.3,-1.7,-1.7394767026529139,species2_rare,strong,0.63,0.26,2.3
9.9,12.0,2.1,1.8,1.2,0.061,0.71,6.0,1.4,7.9,17.0,456.59310282198373,species1_rare,weak,0.98,0.018,5.2
15.0,17.0,2.6,2.3,0.25,2.4,5.3,1.7,6.2,1.1,9.3,84.67244517761677,species2_rare,weak,0.94,0.059,8.4
6.2,3.9,1.9,2.5,0.95,0.83,2.5,0.35,1.8,1.9,-0.076,3.68230754652229,species2_rare,strong,0.67,0.21,2.1
16.0,5.4,1.4,2.7,0.15,0.36,10.0,0.25,4.4,3.3,5.6,486.45100561500664,species2_rare,weak,1.0,0.0,3.1
5.3,11.0,3.0,2.0,0.48,0.75,0.71,4.6,3.2,2.5,-1.2,14.18853063461169,species1_rare,strong,0.92,0.052,3.1
14.0,3.2,1.9,3.0,2.0,0.013,6.5,0.72,1.3,13.0,-35.0,-459.98688316623867,species2_rare,strong,0.95,0.032,2.4
19.0,12.0,1.2,0.89,0.21,0.68,15.0,0.78,3.3,1.7,12.0,517.5911175719785,species2_rare,weak,1.0,0.0,10.0
20.0,11.0,2.9,2.6,1.2,1.6,6.4,0.078,2.0,1.8,0.54,36.899260093815876,species2_rare,weak,0.95,0.04,5.1
19.0,17.0,2.9,2.6,2.4,1.0,1.6,5.5,1.1,2.6,3.0,16.31059364589999,species1_rare,weak,0.85,0.14,8.1
19.0,16.0,1.9,0.62,0.53,0.54,3.5,22.0,1.2,3.0,17.0,84.47016686923193,species1_rare,weak,1.0,0.001,19.0
9.6,11.0,2.4,0.81,0.66,0.4,0.22,12.0,1.2,3.9,16.0,125.50871087973321,species1_rare,weak,1.0,0.0005,5.1
19.0,6.4,1.1,2.7,1.6,0.076,14.0,1.6,1.5,8.6,-42.0,-275.0933547018783,species2_rare,strong,1.0,0.0025,5.6
7.0,14.0,2.3,2.8,1.2,1.5,0.39,4.3,2.2,1.4,-1.5,10.070301937518623,species1_rare,strong,0.81,0.16,3.5
12.0,7.1,2.2,0.26,0.33,0.064,1.7,23.0,0.81,9.4,91.0,838.4496478825196,species1_rare,weak,1.0,0.0,8.3
6.8,20.0,0.36,2.9,0.42,1.1,15.0,0.77,5.3,0.37,36.0,44.560391247820576,species2_rare,weak,0.98,0.021,10.0
8.5,14.0,1.9,2.5,1.3,1.1,0.61,4.9,1.8,1.6,-0.39,14.995706855024665,species1_rare,strong,0.84,0.14,4.9
13.0,1.4,2.8,2.1,0.24,0.018,4.4,0.13,1.3,12.0,-24.0,76.64715868255104,species2_rare,strong,0.97,0.011,1.7
7.3,6.5,1.9,2.7,1.0,1.5,3.1,0.28,2.1,1.2,1.2,5.2183344685937145,species2_rare,weak,0.68,0.23,2.6
2.8,2.3,2.5,2.9,0.19,0.91,0.7,0.22,2.1,1.7,0.093,2.0482057539451124,species2_rare,weak,0.44,0.21,1.3
19.0,11.0,2.0,2.4,1.5,1.0,8.5,0.43,1.5,1.9,-1.5,28.527647812372436,species2_rare,strong,0.96,0.035,6.1
18.0,19.0,0.73,2.4,0.031,0.17,23.0,5.9,15.0,3.6,100.0,4032.838334863249,species2_rare,weak,0.97,0.0,140.0
3.1,13.0,1.8,2.6,0.16,0.67,0.75,4.5,7.4,1.7,-11.0,16.782112326871115,species1_rare,strong,0.94,0.043,3.0
9.7,3.1,0.26,0.95,2.2,0.062,33.0,0.066,0.54,3.1,-43.0,22.17115855560224,species2_rare,strong,0.85,0.14,5.2
4.3,5.7,0.74,2.1,0.4,0.76,4.0,0.78,3.0,0.98,3.3,6.878848487786718,species2_rare,weak,0.79,0.17,3.6
7.3,13.0,1.1,1.4,0.23,2.1,5.7,0.091,4.3,0.57,10.0,52.634554664993914,species2_rare,weak,0.89,0.11,7.5
20.0,7.9,2.0,1.1,2.4,0.064,2.0,6.2,0.49,12.0,25.0,203.83050021792639,species1_rare,weak,0.97,0.033,10.0
14.0,19.0,2.2,1.2,0.41,0.0087,3.2,15.0,2.7,13.0,64.0,12166.417206385297,species1_rare,weak,1.0,0.0,15.0
14.0,15.0,2.0,2.4,0.068,2.1,6.5,0.44,11.0,0.97,30.0,555.9935973418878,species2_rare,weak,0.99,0.006,5.9
11.0,7.2,1.6,2.8,1.9,0.87,5.6,0.48,1.4,1.7,-0.78,5.5425634148116565,species2_rare,strong,0.79,0.17,3.6
5.8,18.0,1.9,1.8,0.37,0.28,0.64,9.7,4.0,3.4,-2.7,260.05518281066435,species1_rare,strong,1.0,0.001,4.2
6.1,6.0,2.1,3.0,2.4,1.9,1.9,0.48,1.2,1.1,0.074,0.1794343736424525,species2_rare,weak,0.44,0.37,1.8
3.4,19.0,1.3,2.9,0.23,0.96,0.76,5.8,7.7,1.2,-16.0,31.52063078676012,species1_rare,strong,0.97,0.026,3.9
7.3,18.0,2.3,0.99,0.055,2.4,2.5,11.0,9.3,0.96,-37.0,-409.09097090044656,species1_rare,strong,0.95,0.043,10.0
14.0,19.0,2.7,1.0,0.39,2.0,3.2,11.0,2.4,1.3,-4.5,-48.34600977137679,species1_rare,strong,0.93,0.073,17.0
2.1,18.0,2.7,3.0,0.037,2.4,0.34,5.6,15.0,1.1,-36.0,-46.69797139549868,species1_rare,strong,0.94,0.031,1.8
7.9,8.3,2.0,3.0,2.6,0.1,0.28,2.4,1.1,5.9,5.1,74.60011383794316,species1_rare,weak,0.73,0.2,2.9
18.0,16.0,1.9,2.9,0.65,1.5,8.6,0.76,3.7,1.3,9.4,77.29267513508508,species2_rare,weak,1.0,0.003,6.6
10.0,4.4,2.2,2.7,2.4,0.18,3.2,1.0,1.1,5.9,-5.2,-13.16871028373104,species2_rare,strong,0.68,0.23,2.7
17.0,12.0,2.1,1.7,0.76,1.2,7.1,1.8,2.0,1.7,0.73,32.94133108183513,species2_rare,weak,0.96,0.034,9.5
15.0,18.0,2.5,1.1,0.94,0.12,0.021,15.0,1.2,9.2,61.0,1049.4464745544462,species1_rare,weak,1.0,0.0,5.6
14.0,16.0,0.34,2.6,1.7,0.31,25.0,2.6,1.5,1.1,4.9,-74.336292870212,species2_rare,weak,0.89,0.11,16.0
13.0,17.0,1.7,2.1,1.4,0.93,0.86,7.2,1.4,1.7,0.94,30.18455425839809,species1_rare,weak,0.93,0.066,8.2
9.8,12.0,1.2,1.9,0.87,1.2,6.0,2.0,2.0,0.99,2.1,5.4562940123249755,species2_rare,weak,0.76,0.23,8.5
8.7,4.3,2.7,2.8,0.33,0.4,2.7,0.81,3.1,4.1,-0.97,16.290515484739974,species2_rare,strong,0.81,0.14,2.6
16.0,7.2,1.9,2.1,2.6,0.74,7.8,0.2,0.84,2.3,-5.6,9.64798098353344,species2_rare,strong,0.81,0.18,4.8
4.7,17.0,2.8,2.9,0.46,2.5,0.47,5.1,4.9,1.1,-8.8,6.1949724443921435,species1_rare,strong,0.88,0.084,2.8
20.0,8.6,1.7,2.7,0.0097,0.26,11.0,1.8,8.3,5.2,15.0,8927.7875891732,species2_rare,weak,1.0,0.0,6.7
20.0,2.1,1.6,2.0,0.66,0.067,11.0,0.17,1.5,11.0,-55.0,131.00134785831438,species2_rare,strong,1.0,0.0005,2.2
16.0,14.0,2.8,2.6,2.6,1.1,1.4,4.4,1.0,2.3,2.0,8.148033208666071,species1_rare,weak,0.74,0.24,6.2
19.0,16.0,1.6,0.65,0.48,0.4,5.4,19.0,1.3,3.4,15.0,76.27627506381194,species1_rare,weak,1.0,0.0,37.0
15.0,9.5,2.3,1.3,1.7,0.48,1.8,5.8,0.78,3.9,6.1,19.698541672429222,species1_rare,weak,0.87,0.12,8.8
15.0,12.0,0.95,1.8,1.3,0.62,12.0,2.3,1.3,1.5,-0.93,4.2728565995019006,species2_rare,strong,0.91,0.088,13.0
9.6,3.2,1.0,1.9,0.45,0.041,7.9,1.0,2.1,7.1,-17.0,-95.201844764183,species2_rare,strong,0.99,0.0055,3.5
16.0,4.6,2.4,2.8,1.4,0.26,5.6,0.79,1.6,6.1,-11.0,3.480592804159995,species2_rare,strong,0.94,0.043,3.2
11.0,1.6,0.51,2.8,2.0,0.027,21.0,0.029,1.1,7.3,-63.0,21.45470677410054,species2_rare,strong,0.98,0.009,1.6
15.0,10.0,2.3,1.0,1.3,0.14,0.83,8.9,0.81,8.0,29.0,244.37953742814304,species1_rare,weak,1.0,0.004,7.0
19.0,4.5,2.4,2.8,1.3,0.44,7.6,0.065,1.7,4.4,-10.0,48.37030665645736,species2_rare,strong,0.98,0.011,2.7
4.6,10.0,1.2,2.5,0.81,0.49,0.53,3.6,2.6,1.9,-1.0,24.132857525521562,species1_rare,strong,0.84,0.13,3.8
4.4,11.0,1.8,2.3,0.54,1.7,0.76,3.8,3.3,1.0,-3.4,3.2412018691342426,species1_rare,strong,0.76,0.2,3.2
6.0,18.0,2.9,1.5,0.062,1.9,1.5,9.3,11.0,1.4,-36.0,-241.52767507293885,species1_rare,strong,0.98,0.017,4.8
11.0,18.0,1.2,2.7,1.5,0.34,0.54,6.4,1.7,2.9,3.7,125.57331880757894,species1_rare,weak,0.98,0.019,7.6
13.0,13.0,0.54,2.2,0.88,0.22,15.0,4.1,2.3,2.2,0.12,-152.41699685119065,species2_rare,weak,0.99,0.01,31.0
14.0,4.0,2.5,2.1,0.11,0.099,5.1,1.2,3.4,9.3,-12.0,187.35616263443617,species2_rare,strong,0.97,0.021,3.9
9.1,5.1,2.2,2.2,1.5,0.91,3.4,0.47,1.4,2.1,-1.0,4.176015356267461,species2_rare,strong,0.7,0.23,2.7
11.0,14.0,2.2,3.0,2.1,0.55,0.27,4.3,1.4,3.1,3.5,37.36186144878589,species1_rare,weak,0.88,0.1,4.4
3.7,18.0,1.6,2.6,0.3,2.8,0.57,6.0,6.1,0.66,-15.0,5.693852746559252,species1_rare,strong,0.89,0.089,3.5
5.5,1.4,2.5,1.5,2.2,0.13,1.7,0.1,0.88,4.5,-2.9,0.487055520482494,species2_rare,strong,0.48,0.23,1.5
5.0,6.5,2.0,1.0,0.29,0.3,1.2,5.1,2.5,3.1,1.3,16.18115491073005,species1_rare,weak,0.93,0.058,4.3
12.0,6.1,2.3,1.1,0.044,1.0,4.8,0.053,5.1,2.0,7.2,599.5095873424409,species2_rare,weak,0.95,0.036,4.7
10.0,12.0,1.8,0.99,0.85,0.53,0.22,11.0,1.2,2.7,8.2,74.92990842877423,species1_rare,weak,0.99,0.009,6.8
16.0,15.0,2.6,0.34,0.15,1.6,4.4,20.0,2.0,1.6,-3.3,-393.971504669631,species1_rare,strong,0.93,0.074,38.0
19.0,7.7,2.6,2.4,0.83,0.78,6.7,0.61,2.3,2.9,-1.9,51.43305973817603,species2_rare,strong,0.98,0.017,4.5
2.6,13.0,0.64,2.1,0.26,0.12,0.21,5.7,5.2,2.0,-8.8,270.6756817134607,species1_rare,strong,0.98,0.015,4.2
14.0,15.0,0.54,2.9,0.55,0.14,21.0,3.9,4.1,3.2,7.5,-456.8303384659257,species2_rare,weak,1.0,0.0,31.0
8.3,11.0,2.7,2.1,1.1,1.0,0.85,4.4,1.7,2.2,0.78,9.815193530021032,species1_rare,weak,0.82,0.15,4.1
13.0,6.2,0.91,2.8,0.84,0.38,14.0,0.021,2.4,2.2,1.7,85.84044136677447,species2_rare,weak,1.0,0.001,3.5
18.0,5.6,1.3,2.8,0.92,0.041,12.0,1.5,2.2,12.0,-52.0,-426.22463526335315,species2_rare,strong,1.0,0.0005,4.9
18.0,2.3,2.8,0.37,0.52,0.11,5.8,1.7,0.82,11.0,-21.0,50.28052439779753,species2_rare,strong,0.96,0.033,7.5
15.0,17.0,2.8,1.2,0.83,1.6,1.7,11.0,1.4,1.7,1.4,6.121275567491796,species1_rare,weak,0.94,0.059,9.8
16.0,12.0,2.3,2.7,0.84,1.4,5.9,1.1,2.7,1.6,2.6,27.566792289625898,species2_rare,weak,0.93,0.061,6.2
12.0,11.0,0.66,2.6,1.6,0.5,15.0,0.88,1.6,1.3,2.0,6.550103198741524,species2_rare,weak,0.94,0.059,7.5
7.7,18.0,2.7,1.4,0.49,0.11,0.18,13.0,2.5,6.1,22.0,1003.7205726530652,species1_rare,weak,1.0,0.0,3.7
5.6,5.1,2.4,0.99,0.98,0.42,0.26,4.0,1.0,3.1,4.0,13.857682587900134,species1_rare,weak,0.84,0.12,2.9
11.0,13.0,0.97,1.6,1.1,1.1,10.0,0.61,1.5,0.93,2.6,11.640226453475822,species2_rare,weak,0.78,0.21,10.0
9.3,17.0,0.7,2.8,0.0027,1.0,12.0,1.4,17.0,0.72,82.0,16010.97460368439,species2_rare,weak,1.0,0.0,7.2
12.0,19.0,1.1,2.2,0.4,1.6,9.5,1.3,4.4,0.69,15.0,69.46495569097596,species2_rare,weak,0.99,0.0065,10.0
16.0,16.0,2.8,2.3,2.0,2.8,4.7,0.8,1.2,1.0,0.36,1.935335289862565,species2_rare,weak,0.55,0.43,5.7
17.0,18.0,1.8,1.6,0.92,1.7,8.6,1.1,1.7,1.0,2.4,26.682565319335716,species2_rare,weak,0.9,0.095,12.0
12.0,3.8,1.8,2.7,1.0,0.18,5.8,0.65,1.9,5.8,-10.0,1.0785917208015365,species2_rare,strong,0.96,0.03,2.7
8.1,8.8,1.6,2.5,0.48,1.1,4.2,1.3,3.5,1.4,3.1,12.628179973601263,species2_rare,weak,0.81,0.16,4.9
7.5,10.0,3.0,1.2,0.59,1.6,0.8,7.1,1.8,1.7,-0.34,2.559786427905964,species1_rare,strong,0.88,0.11,4.1
6.9,14.0,2.7,2.0,0.82,1.9,0.25,6.4,2.2,1.4,-2.6,12.734895614632807,species1_rare,strong,0.89,0.086,3.7
4.7,18.0,2.0,2.4,0.43,0.042,0.39,6.9,4.4,4.4,-0.1,1264.8255596307536,species1_rare,strong,0.99,0.005,3.3
15.0,15.0,2.0,2.4,0.16,1.4,7.3,1.7,7.8,1.4,18.0,223.0006280455615,species2_rare,weak,0.99,0.005,8.2
14.0,16.0,2.6,1.9,1.4,0.98,1.3,6.9,1.4,2.3,2.7,22.85507290571198,species1_rare,weak,0.94,0.059,7.5
17.0,9.6,2.9,2.2,0.62,1.2,5.4,0.89,2.8,2.2,1.5,47.484290098324315,species2_rare,weak,0.94,0.046,5.4
18.0,6.1,1.7,1.0,2.9,0.45,7.4,1.6,0.4,3.2,-8.1,0.34568971154921657,species2_rare,strong,0.62,0.37,7.4
11.0,13.0,2.9,1.7,1.0,0.16,1.1,6.9,1.6,7.1,16.0,192.78310394191095,species1_rare,weak,0.99,0.008,5.3
6.7,3.2,1.6,1.1,1.1,0.59,3.5,0.14,1.0,2.1,-1.9,4.934800717310476,species2_rare,strong,0.65,0.27,2.8
10.0,12.0,0.89,2.3,0.55,1.0,10.0,0.46,3.3,0.89,12.0,54.53150616829416,species2_rare,weak,0.99,0.005,6.5
20.0,13.0,1.3,2.0,1.4,0.83,14.0,0.41,1.4,1.5,-0.98,46.47345037565913,species2_rare,strong,0.99,0.013,8.7
10.0,18.0,2.8,2.8,1.4,0.022,0.3,6.1,1.9,9.6,22.0,2326.1419912276183,species1_rare,weak,0.99,0.008,4.1
5.0,12.0,0.68,2.0,0.68,0.75,0.92,5.0,2.6,0.92,-3.3,16.226530479376258,species1_rare,strong,0.81,0.18,6.6
7.9,12.0,2.6,0.65,0.16,1.0,1.8,15.0,3.2,2.1,-7.2,-110.46537031094502,species1_rare,strong,0.99,0.005,7.2
12.0,10.0,1.6,0.36,0.21,0.39,3.9,22.0,1.6,3.2,15.0,-69.72484756622282,species1_rare,weak,1.0,0.0005,23.0
3.4,18.0,1.3,2.9,0.27,2.2,0.78,5.2,7.0,0.67,-14.0,5.862115838812191,species1_rare,strong,0.86,0.11,3.8
13.0,11.0,2.3,2.9,1.8,1.7,4.4,0.95,1.5,1.3,0.34,3.5904078069830376,species2_rare,weak,0.69,0.28,4.5
8.6,2.8,2.6,2.3,2.4,0.36,2.6,0.36,0.97,4.2,-3.6,0.506147521424319,species2_rare,strong,0.62,0.22,1.9
12.0,12.0,2.4,1.9,1.7,0.38,0.77,5.4,1.1,4.4,7.7,51.89485908151495,species1_rare,weak,0.95,0.049,5.7
16.0,5.0,0.96,0.69,0.62,0.12,14.0,3.5,1.1,5.7,-23.0,-0.40960180629032616,species2_rare,strong,1.0,0.0015,18.0
8.2,18.0,2.4,0.9,0.028,0.26,2.8,18.0,12.0,4.5,-55.0,-1347.6265287039128,species1_rare,strong,1.0,0.0,15.0
18.0,15.0,3.0,1.3,1.4,0.88,1.2,9.7,0.92,3.0,8.9,34.923462419525364,species1_rare,weak,0.98,0.023,8.5
1.9,1.4,3.0,2.6,0.66,1.2,0.28,0.034,1.3,1.4,-0.011,0.13498221316836395,species2_rare,strong,0.29,0.21,1.1
19.0,7.5,2.8,0.32,0.19,0.98,6.2,1.5,1.5,2.6,-2.6,168.23689452337356,species2_rare,strong,0.95,0.044,13.0
15.0,4.5,1.6,2.9,2.6,0.05,7.3,1.1,1.1,11.0,-30.0,-179.96662633814523,species2_rare,strong,0.93,0.054,3.3
13.0,17.0,2.9,2.1,0.85,0.15,1.9,7.4,2.3,7.8,15.0,262.30086517407545,species1_rare,weak,0.99,0.007,7.8
5.3,15.0,2.2,2.8,0.83,2.6,0.2,4.7,2.9,0.89,-4.6,7.062938781097841,species1_rare,strong,0.79,0.17,3.0
14.0,15.0,2.3,2.0,1.5,0.33,1.1,6.9,1.3,4.8,10.0,103.65524863587454,species1_rare,weak,0.98,0.015,6.9
17.0,8.4,1.5,1.9,1.0,0.44,9.9,1.6,1.7,2.9,-5.1,25.730502177038506,species2_rare,strong,1.0,0.0035,7.6
13.0,4.7,2.3,2.9,2.3,0.52,4.9,0.39,1.2,3.5,-5.2,4.881758387767566,species2_rare,strong,0.83,0.12,2.6
6.0,9.9,3.0,2.5,1.3,1.6,0.16,3.4,1.7,1.7,-0.12,6.093907321636935,species1_rare,strong,0.73,0.2,2.5
19.0,7.1,2.2,1.3,1.2,0.59,7.5,1.3,1.1,3.3,-6.7,27.300396513354364,species2_rare,strong,0.97,0.031,7.2
7.4,17.0,1.2,2.3,0.87,0.9,0.55,6.6,2.4,1.3,-3.4,34.34457754571819,species1_rare,strong,0.94,0.06,6.6
4.4,3.9,2.9,2.7,0.11,2.1,1.2,0.17,3.5,1.3,1.1,14.490929029851205,species2_rare,weak,0.56,0.21,1.6
7.1,18.0,2.9,0.88,0.14,1.0,1.3,18.0,4.9,2.3,-22.0,-95.13765206784323,species1_rare,strong,1.0,0.0,5.1
18.0,16.0,2.7,0.55,0.33,0.37,3.4,24.0,1.6,5.4,39.0,70.46064052078052,species1_rare,weak,1.0,0.0,18.0
4.0,7.1,2.1,2.4,0.91,0.2,0.34,2.6,2.1,3.1,1.1,30.987258865779577,species1_rare,weak,0.79,0.13,2.4
9.3,8.3,1.3,2.5,1.5,1.0,5.7,0.61,1.5,1.2,0.75,4.482925804839626,species2_rare,weak,0.73,0.25,4.3
3.1,11.0,2.8,0.66,0.04,2.6,0.54,13.0,6.9,1.1,-37.0,-212.01898313771747,species1_rare,strong,0.93,0.045,2.3
5.5,5.6,2.8,2.5,2.0,1.1,0.41,1.7,1.2,2.0,0.51,1.3751824355880142,species1_rare,weak,0.52,0.3,1.9
18.0,4.9,2.8,2.5,0.27,0.15,5.9,1.2,3.4,9.5,-14.0,93.40764830141948,species2_rare,strong,0.98,0.015,4.2
17.0,6.7,1.5,1.4,0.79,0.5,11.0,0.15,1.6,2.7,-5.9,88.37100185010395,species2_rare,strong,1.0,0.0015,5.6
12.0,6.0,0.57,2.8,2.0,0.22,17.0,0.38,1.3,2.2,-8.2,1.1007128931659251,species2_rare,strong,0.95,0.042,4.0
6.5,5.7,0.85,0.9,1.0,0.22,0.36,5.1,0.9,2.7,4.3,34.393667093445785,species1_rare,weak,0.86,0.13,6.1
12.0,7.7,1.2,3.0,0.4,0.63,8.8,0.41,4.0,1.8,9.2,96.24994087980899,species2_rare,weak,1.0,0.0015,3.8
8.3,14.0,2.4,2.5,1.1,0.24,0.71,5.3,2.1,4.8,6.0,116.442360712817,species1_rare,weak,0.97,0.026,4.4
16.0,5.6,1.9,2.4,0.89,0.14,7.4,1.5,2.1,7.8,-17.0,-30.966535792126006,species2_rare,strong,0.99,0.011,5.4
11.0,8.7,2.3,2.2,0.44,1.3,4.4,0.8,3.4,1.6,3.3,34.33850880131951,species2_rare,weak,0.89,0.095,4.9
20.0,6.1,2.4,1.8,0.51,0.28,7.5,1.6,2.5,6.2,-11.0,72.57929574425614,species2_rare,strong,0.99,0.006,6.3
3.0,13.0,1.9,2.5,0.37,0.094,0.074,5.0,4.7,2.7,-4.8,319.4442082224749,species1_rare,strong,0.98,0.013,2.4
11.0,2.6,0.4,2.9,0.54,0.046,24.0,0.17,2.0,5.0,-36.0,80.21061818464685,species2_rare,strong,1.0,0.0005,2.0
20.0,12.0,0.56,1.6,0.81,0.047,25.0,5.9,1.8,7.7,-56.0,-1674.9099798300997,species2_rare,strong,0.93,0.0,170.0
8.4,2.6,2.7,1.2,0.15,0.49,2.7,0.22,2.2,3.6,-1.8,57.99888024091897,species2_rare,strong,0.81,0.13,2.5
13.0,13.0,3.0,2.6,1.2,2.6,3.6,0.93,2.0,1.1,1.2,6.212366879922514,species2_rare,weak,0.67,0.29,4.4
16.0,14.0,2.6,1.9,1.6,0.21,1.7,6.5,1.2,7.1,14.0,121.19142115662065,species1_rare,weak,0.98,0.018,7.8
5.3,10.0,1.9,2.1,0.91,1.1,0.25,4.2,2.1,1.6,-0.94,11.622950466863964,species1_rare,strong,0.83,0.13,3.2
15.0,14.0,1.3,2.2,0.64,0.82,9.6,2.6,2.9,1.5,4.8,36.599221627123455,species2_rare,weak,0.99,0.008,13.0
12.0,16.0,2.3,0.23,0.039,0.48,3.8,55.0,4.5,3.7,-22.0,-4991.363305928052,species1_rare,strong,1.0,0.0,31.0
5.9,2.2,1.3,1.6,2.2,0.087,2.6,0.65,0.81,4.4,-3.6,-9.054243698386129,species2_rare,strong,0.54,0.3,2.0
14.0,18.0,2.3,2.6,1.7,1.8,1.4,5.6,1.5,1.2,-0.57,6.054091871045174,species1_rare,strong,0.74,0.25,7.4
14.0,5.2,2.6,1.8,1.1,0.53,4.4,1.0,1.5,3.8,-4.0,11.402516065835592,species2_rare,strong,0.86,0.12,4.1
19.0,11.0,2.1,1.8,0.15,0.77,8.3,1.8,5.9,2.5,11.0,370.1363032620446,species2_rare,weak,1.0,0.0005,8.1
16.0,15.0,2.6,2.3,2.5,1.5,0.57,5.5,0.93,1.7,1.9,7.830890704427234,species1_rare,weak,0.73,0.26,6.3
2.5,18.0,1.5,2.7,0.046,1.2,0.84,5.9,14.0,1.1,-32.0,-31.88749796088439,species1_rare,strong,0.97,0.024,3.1
12.0,4.4,2.4,3.0,0.6,0.25,4.3,0.78,2.6,5.5,-5.0,13.190241828159584,species2_rare,strong,0.92,0.053,2.8
18.0,19.0,2.6,1.7,1.6,2.6,2.0,7.2,1.1,1.0,-0.15,0.23545597592005987,species1_rare,strong,0.53,0.47,8.5
17.0,15.0,0.88,2.7,0.24,0.76,18.0,0.048,6.7,1.1,50.0,561.3139490769784,species2_rare,weak,1.0,0.0,5.6
13.0,19.0,2.8,1.5,0.76,2.8,1.9,8.1,1.9,1.0,-2.8,-4.158389286035045,species1_rare,strong,0.79,0.2,8.5
18.0,18.0,2.8,2.7,1.9,0.5,1.8,5.9,1.4,4.4,6.3,51.66998710089066,species1_rare,weak,0.95,0.043,8.2
5.0,14.0,2.4,0.64,0.016,0.41,1.5,19.0,10.0,3.0,-66.0,-1776.505741416573,species1_rare,strong,1.0,0.0,5.1
8.4,4.5,2.8,1.5,1.6,1.2,2.4,0.4,0.98,2.0,-1.1,2.205768557815316,species2_rare,strong,0.54,0.34,2.5
15.0,3.2,1.9,1.7,2.6,0.015,5.6,1.3,0.73,14.0,-28.0,-294.5988520999093,species2_rare,strong,0.87,0.1,3.7
12.0,11.0,2.4,2.4,0.21,1.9,4.7,0.61,6.0,1.2,9.7,96.10431066044303,species2_rare,weak,0.93,0.057,5.0
6.9,3.0,0.36,2.7,0.97,0.097,16.0,0.16,1.7,2.7,-7.3,9.801779796902371,species2_rare,strong,0.97,0.015,2.3
8.1,14.0,1.5,2.5,1.2,1.2,1.0,4.8,2.0,1.2,-1.4,10.677791472675679,species1_rare,strong,0.8,0.18,5.9
16.0,19.0,2.6,2.8,2.2,1.9,0.32,6.2,1.2,1.4,0.34,11.108197067072794,species1_rare,weak,0.79,0.2,6.4
15.0,14.0,0.71,2.3,0.48,0.27,18.0,3.7,3.8,2.4,10.0,-34.79357169925307,species2_rare,weak,1.0,0.0,23.0
3.7,7.1,1.9,0.96,0.29,0.13,0.46,6.2,2.5,3.1,1.7,119.29999046244627,species1_rare,weak,0.99,0.0095,3.0
14.0,15.0,2.3,0.43,0.27,1.7,3.7,17.0,1.5,1.3,-1.6,-92.59892953009698,species1_rare,strong,0.84,0.16,20.0
1.4,14.0,1.9,1.6,0.042,0.37,0.046,8.3,10.0,1.3,-37.0,134.93585975067694,species1_rare,strong,1.0,0.001,1.8
3.7,5.8,3.0,2.5,1.2,0.3,0.13,1.9,1.7,2.9,1.1,13.141117547043946,species1_rare,weak,0.71,0.15,1.8
18.0,2.9,2.8,1.5,0.13,0.2,6.0,0.43,2.5,8.1,-16.0,360.25613660670507,species2_rare,strong,0.99,0.008,3.0
7.8,2.0,0.86,2.1,2.2,0.062,7.3,0.24,0.98,5.2,-15.0,-17.442049323569083,species2_rare,strong,0.83,0.087,1.9
17.0,14.0,2.2,2.2,2.3,0.79,1.6,5.5,0.94,2.5,2.9,15.708415225156015,species1_rare,weak,0.81,0.18,9.0
9.9,6.0,1.3,2.0,1.2,0.36,5.5,1.5,1.5,2.8,-2.7,-4.222848696234117,species2_rare,strong,0.83,0.15,5.3
11.0,17.0,2.7,1.9,0.89,2.1,1.3,6.9,2.0,1.3,-2.1,4.428758674223605,species1_rare,strong,0.87,0.13,6.6
13.0,18.0,2.8,1.0,0.61,0.93,1.1,15.0,1.6,2.6,6.7,66.67069432677496,species1_rare,weak,1.0,0.0,7.3
15.0,15.0,1.9,0.95,0.85,0.42,1.4,14.0,1.1,3.7,16.0,140.3811415631714,species1_rare,weak,1.0,0.0,9.4
17.0,18.0,2.6,1.2,0.97,0.094,0.74,14.0,1.2,11.0,65.0,1210.9905768858607,species1_rare,weak,1.0,0.0,6.3
12.0,19.0,1.8,2.7,1.4,0.75,1.0,6.3,1.8,2.2,1.1,44.04842240362498,species1_rare,weak,0.95,0.043,7.3
18.0,18.0,2.9,2.2,2.0,0.55,1.1,7.3,1.1,4.3,9.8,72.56032144726237,species1_rare,weak,0.98,0.017,7.4
7.5,17.0,1.7,1.9,0.58,0.77,1.0,8.1,2.9,1.9,-3.3,51.54978264746202,species1_rare,strong,0.99,0.0095,5.8
13.0,8.9,1.5,2.7,0.23,0.15,7.8,2.5,5.3,5.9,-1.5,12.814752933103458,species2_rare,strong,0.99,0.0065,11.0
13.0,18.0,0.54,1.7,0.23,0.54,20.0,3.8,5.5,1.0,37.0,241.6513596382819,species2_rare,weak,1.0,0.0,20.0
8.8,3.9,0.77,2.6,0.051,0.045,10.0,0.95,3.7,6.1,-11.0,454.28115820248075,species2_rare,strong,1.0,0.0,3.2
17.0,14.0,2.8,2.5,2.8,0.098,0.17,5.4,0.89,11.0,26.0,340.0554880006379,species1_rare,weak,0.97,0.028,5.1
4.1,1.6,1.1,2.9,0.14,0.15,2.7,0.068,1.6,2.9,-1.8,27.815742726432273,species2_rare,strong,0.88,0.04,1.5
5.9,3.3,2.8,2.9,0.18,0.73,1.7,0.37,2.9,2.6,0.2,16.905441405292837,species2_rare,weak,0.68,0.17,1.8
14.0,16.0,2.2,1.7,0.4,2.5,5.6,0.58,3.5,0.9,6.5,56.412156525537426,species2_rare,weak,0.91,0.085,7.8
12.0,17.0,1.4,2.7,0.43,1.7,7.2,1.6,4.8,0.85,11.0,48.482307005183706,species2_rare,weak,0.98,0.018,8.6
16.0,12.0,1.8,2.8,0.6,1.1,8.5,0.76,3.6,1.5,8.0,76.55849260021091,species2_rare,weak,1.0,0.0025,5.7
6.8,18.0,1.6,1.0,0.24,1.9,1.5,14.0,3.7,0.87,-17.0,-11.653007650838141,species1_rare,strong,0.98,0.021,7.7
9.3,15.0,2.4,1.4,0.4,1.2,2.2,7.8,3.0,1.8,-3.3,-7.90483524898575,species1_rare,strong,0.96,0.037,8.5
20.0,8.9,2.4,2.2,1.2,0.7,7.1,1.3,1.7,3.1,-3.9,25.68539364973603,species2_rare,strong,0.97,0.025,6.3
19.0,12.0,0.42,2.4,0.93,0.13,39.0,2.6,2.3,2.8,-10.0,-448.6937578564115,species2_rare,strong,1.0,0.0,12.0
1.4,17.0,0.65,2.3,0.023,1.4,0.42,6.5,14.0,0.75,-41.0,-2.7336808194440745,species1_rare,strong,0.97,0.025,3.1
11.0,18.0,0.74,1.1,0.091,1.2,14.0,0.11,7.2,0.64,45.0,652.9354580884689,species2_rare,weak,1.0,0.0,11.0
8.7,4.9,0.65,2.3,0.47,0.19,11.0,0.77,2.7,2.7,0.26,32.549231121253236,species2_rare,weak,1.0,0.0015,3.9
12.0,18.0,2.8,2.2,0.72,0.84,2.1,7.1,2.7,2.8,0.041,24.596218845610625,species1_rare,weak,0.98,0.022,8.2
19.0,9.2,1.2,1.1,0.74,0.36,13.0,3.0,1.5,2.9,-7.6,48.80168325779439,species2_rare,strong,1.0,0.001,14.0
8.8,9.0,2.3,2.6,0.71,2.2,3.4,0.25,2.8,1.0,2.8,12.017521690863838,species2_rare,weak,0.75,0.2,3.3
8.2,12.0,1.5,0.7,0.022,0.1,4.7,15.0,9.0,5.5,-19.0,-1140.3096962232016,species1_rare,strong,1.0,0.0,74.0
13.0,16.0,1.7,1.9,0.094,1.9,6.9,1.1,9.1,0.89,24.0,335.47998405544683,species2_rare,weak,0.99,0.0095,7.7
3.3,9.7,2.5,0.73,0.082,1.2,0.53,11.0,4.9,1.6,-18.0,-46.84475559141178,species1_rare,strong,0.98,0.0095,2.6
9.8,16.0,1.5,2.9,1.7,1.9,1.2,4.2,1.7,0.81,-1.3,2.2102471074686694,species1_rare,strong,0.58,0.39,5.3
2.5,11.0,0.78,0.41,0.031,0.024,1.0,23.0,6.2,2.4,-41.0,4236.587710324103,species1_rare,strong,1.0,0.0,4.7
18.0,9.6,2.6,0.65,1.2,0.69,1.2,12.0,0.59,3.2,14.0,23.766717505859464,species1_rare,weak,0.95,0.053,11.0
3.6,9.6,1.6,2.4,0.56,1.5,0.5,3.2,3.2,1.0,-2.9,3.942977736748423,species1_rare,strong,0.69,0.24,2.7
15.0,19.0,1.1,0.78,0.53,0.45,2.0,22.0,1.4,2.2,8.0,237.24005015959122,species1_rare,weak,1.0,0.0,14.0
19.0,13.0,2.0,1.6,1.7,1.2,7.3,2.0,0.97,1.6,-1.7,6.435726661079536,species2_rare,strong,0.76,0.24,10.0
17.0,19.0,2.7,1.8,1.6,1.6,0.11,10.0,1.1,1.6,2.3,25.7519729497445,species1_rare,weak,0.91,0.084,8.2
9.1,12.0,2.4,2.4,1.5,2.1,1.1,3.7,1.5,1.1,-0.53,1.3514081382269236,species1_rare,strong,0.6,0.35,4.0
1.6,19.0,1.3,2.0,0.059,0.83,0.092,8.8,12.0,1.2,-48.0,81.17286033173713,species1_rare,strong,1.0,0.001,2.2
9.1,8.2,1.3,2.5,1.1,0.85,5.3,1.1,2.0,1.4,1.1,4.926163623061339,species2_rare,weak,0.81,0.17,4.9
16.0,14.0,1.2,2.6,1.2,0.58,9.3,2.7,2.0,2.0,0.066,-8.062057425875121,species2_rare,weak,0.96,0.036,13.0
1.8,8.0,1.5,1.5,0.0049,0.2,0.5,4.6,7.8,1.6,-13.0,-253.01154506122606,species1_rare,strong,0.96,0.023,2.3
7.6,15.0,2.6,2.0,0.92,1.7,0.018,7.1,2.0,1.4,-2.3,20.40313222182131,species1_rare,strong,0.92,0.064,3.9
9.2,6.8,1.5,1.7,0.55,0.61,4.9,1.6,2.4,2.1,0.48,12.560030930160856,species2_rare,weak,0.87,0.12,6.3
14.0,7.5,1.9,2.9,0.86,0.64,6.3,0.84,2.6,2.6,-0.09,25.309869033704082,species2_rare,strong,0.97,0.028,4.3
15.0,14.0,2.3,2.5,0.3,1.6,6.0,1.6,5.6,1.4,9.1,85.68683950892971,species2_rare,weak,0.97,0.028,7.5
15.0,8.9,1.5,2.8,0.2,0.59,9.4,0.86,5.7,2.3,14.0,272.0374805737762,species2_rare,weak,1.0,0.0005,4.7
9.6,7.9,1.7,1.8,1.9,0.42,1.0,3.7,0.95,3.1,2.9,14.396091030772732,species1_rare,weak,0.74,0.23,4.9
9.8,15.0,2.9,2.1,1.3,1.6,0.024,6.6,1.5,1.7,0.6,18.98214492261647,species1_rare,weak,0.92,0.073,4.2
9.3,10.0,0.7,0.84,0.74,0.67,1.3,10.0,1.1,1.0,-0.33,7.900392607827873,species1_rare,strong,0.65,0.35,14.0
11.0,18.0,0.66,2.6,0.71,0.64,12.0,3.5,3.2,1.0,9.3,-10.30321430578833,species2_rare,weak,0.98,0.024,19.0
11.0,12.0,2.4,0.88,0.15,2.4,4.1,1.1,4.1,0.99,4.7,79.12764015022816,species2_rare,weak,0.78,0.2,8.0
11.0,16.0,2.5,1.1,0.54,1.3,1.3,13.0,1.9,1.7,-0.78,18.976964299603228,species1_rare,strong,0.99,0.015,7.7
5.8,5.5,1.5,2.6,1.5,1.3,3.0,0.26,1.5,1.1,0.55,1.6626769249339026,species2_rare,weak,0.58,0.3,2.2
6.0,14.0,1.9,1.0,0.036,1.6,2.5,8.5,9.4,1.1,-25.0,-366.9309679800645,species1_rare,strong,0.92,0.069,10.0
7.9,2.0,1.7,1.4,1.9,0.068,3.3,0.57,0.85,6.3,-7.5,-11.812658905461422,species2_rare,strong,0.69,0.2,2.2
15.0,5.5,0.86,2.2,1.9,0.24,15.0,0.33,1.1,3.0,-14.0,22.70882283273398,species2_rare,strong,0.98,0.015,4.3
2.0,6.0,1.0,0.64,0.12,1.9,0.041,7.7,3.1,0.71,-9.2,5.830117095568811,species1_rare,strong,0.7,0.22,2.5
11.0,7.1,2.1,1.5,2.2,0.32,0.56,3.9,0.72,4.3,6.0,23.281154139525288,species1_rare,weak,0.8,0.17,4.6
7.9,14.0,0.99,2.5,1.1,0.087,1.1,5.2,2.0,4.9,5.9,286.42516535927456,species1_rare,weak,0.95,0.047,6.8
15.0,15.0,0.96,2.2,1.2,0.93,15.0,0.052,1.8,1.0,5.3,42.34500311767757,species2_rare,weak,0.98,0.024,9.7
7.5,7.9,0.47,1.8,0.52,0.28,12.0,2.0,2.7,1.5,5.6,-7.78222961132517,species2_rare,weak,0.99,0.0085,8.7
17.0,18.0,2.5,2.3,0.88,2.4,6.4,0.64,2.4,1.0,3.9,31.248918887587543,species2_rare,weak,0.91,0.085,8.0
17.0,18.0,2.7,2.0,1.8,0.85,0.072,8.4,1.1,2.9,7.4,59.54068977028934,species1_rare,weak,0.98,0.016,6.5
19.0,15.0,2.8,2.0,0.95,1.9,6.3,0.63,2.0,1.4,1.5,34.52437961164131,species2_rare,weak,0.93,0.068,7.7
15.0,2.8,2.0,1.4,2.1,0.23,6.5,0.19,0.73,5.8,-16.0,13.132414282655317,species2_rare,strong,0.91,0.069,3.1
19.0,13.0,2.6,2.5,0.22,1.0,6.7,2.2,6.4,2.3,9.2,159.85737084028423,species2_rare,weak,0.99,0.01,9.1
8.6,15.0,2.7,2.6,1.1,1.2,0.73,5.1,2.1,2.0,-0.37,15.951850655684005,species1_rare,strong,0.9,0.079,4.2
6.7,13.0,2.2,2.3,1.1,2.6,0.07,5.0,2.0,0.87,-2.7,4.825534943628321,species1_rare,strong,0.7,0.25,3.4
2.0,20.0,2.8,0.89,0.0074,0.89,0.3,21.0,17.0,1.5,-160.0,-922.2356652331795,species1_rare,strong,1.0,0.0,1.8
5.4,3.4,0.92,1.5,0.74,0.23,4.0,0.95,1.6,2.6,-1.5,-1.9359136809499389,species2_rare,strong,0.77,0.18,3.2
6.4,17.0,0.97,0.67,0.14,2.2,3.8,12.0,3.9,0.48,-14.0,-44.92036837396301,species1_rare,strong,0.74,0.26,17.0
19.0,8.1,1.9,0.24,0.22,0.063,6.5,28.0,1.1,12.0,120.0,509.8180377351811,species1_rare,weak,0.98,0.0,130.0
5.6,19.0,0.51,3.0,0.56,1.8,8.0,0.98,4.3,0.32,14.0,6.599181084643887,species2_rare,weak,0.7,0.29,8.4
3.5,12.0,2.6,2.6,0.036,1.8,0.93,3.8,11.0,1.3,-13.0,-86.42356083054328,species1_rare,strong,0.83,0.12,2.6
14.0,6.1,1.6,1.6,2.2,0.57,7.0,0.74,0.75,2.5,-5.4,4.3190947077799,species2_rare,strong,0.74,0.24,5.4
9.0,11.0,2.2,0.7,0.52,0.8,0.26,14.0,1.3,2.3,7.0,56.80769570313046,species1_rare,weak,0.99,0.01,5.9
8.6,5.7,2.0,2.7,1.4,0.66,3.1,0.96,1.6,2.5,-0.89,0.32159299648262335,species2_rare,strong,0.68,0.24,2.9
15.0,11.0,1.5,2.8,1.5,0.57,7.9,1.8,1.8,2.3,-1.8,-2.2385928615479633,species2_rare,strong,0.94,0.059,7.5
8.6,15.0,2.7,1.9,0.91,2.7,0.35,7.3,1.9,1.0,-3.2,7.096306573975581,species1_rare,strong,0.8,0.18,4.5
6.3,19.0,1.6,3.0,0.65,1.4,0.95,5.8,3.9,1.1,-6.6,18.854849151757044,species1_rare,strong,0.93,0.064,5.3
17.0,13.0,0.86,2.5,1.3,0.29,14.0,3.1,1.7,2.6,-4.7,-77.11567450752038,species2_rare,strong,0.98,0.015,17.0
3.4,5.8,1.3,1.2,0.31,0.57,1.0,3.7,2.5,1.6,-1.2,3.8989549542872863,species1_rare,strong,0.77,0.19,3.6
13.0,6.4,2.7,1.1,2.1,0.85,1.3,4.1,0.56,2.7,3.0,1.8157652355836162,species1_rare,weak,0.61,0.36,4.7
19.0,4.0,1.4,0.66,0.15,0.13,13.0,2.1,2.4,7.0,-25.0,562.5412502373258,species2_rare,strong,1.0,0.0,8.5
7.1,15.0,2.0,3.0,0.91,1.0,1.0,4.5,2.9,1.7,-2.0,16.20501147372955,species1_rare,strong,0.88,0.1,4.6
17.0,20.0,0.74,0.89,0.77,0.53,0.53,21.0,1.2,1.4,2.1,130.6934472862263,species1_rare,weak,1.0,0.004,21.0
4.8,4.1,2.1,0.34,0.16,0.22,1.2,8.3,1.7,3.4,6.3,-8.249765302174508,species1_rare,weak,0.97,0.019,4.4
6.7,9.5,0.77,0.12,0.05,0.49,3.8,57.0,2.0,1.4,-16.0,-851.8660154243701,species1_rare,strong,1.0,0.0005,22.0
14.0,17.0,2.8,0.89,0.32,0.55,2.8,16.0,2.5,4.0,9.9,13.900880953701886,species1_rare,weak,1.0,0.0,13.0
5.1,18.0,2.8,2.1,0.23,1.1,0.86,7.7,6.5,1.9,-16.0,13.629969264785101,species1_rare,strong,0.99,0.007,3.6
5.9,5.3,2.7,1.4,1.3,0.33,0.42,3.0,1.1,3.7,3.4,13.590729973494103,species1_rare,weak,0.8,0.15,2.7
11.0,6.2,1.3,2.6,3.0,0.51,5.5,0.91,0.89,2.2,-3.1,-2.632291648443353,species2_rare,strong,0.64,0.3,3.3
8.4,14.0,2.6,1.3,0.42,2.8,1.8,6.6,2.7,0.95,-4.2,-12.853434336599594,species1_rare,strong,0.74,0.24,5.9
2.5,13.0,3.0,2.5,0.15,0.31,0.26,4.9,7.6,2.2,-13.0,78.3564466988988,species1_rare,strong,0.98,0.013,1.9
6.6,7.6,2.9,2.7,1.8,0.88,0.48,2.3,1.4,2.4,0.96,4.581996032230215,species1_rare,weak,0.64,0.25,2.4
6.9,12.0,0.96,2.2,0.6,1.5,5.6,0.9,3.0,0.66,5.4,10.084669835462927,species2_rare,weak,0.78,0.21,6.5
9.1,11.0,1.3,2.6,1.2,1.4,5.8,0.68,1.9,0.92,2.6,5.990007712529543,species2_rare,weak,0.74,0.25,5.3
16.0,10.0,2.8,0.94,0.54,1.7,5.3,0.19,1.6,1.6,0.075,45.97001663117188,species2_rare,weak,0.88,0.12,7.9
8.6,8.1,0.63,2.0,1.4,0.53,10.0,0.9,1.3,1.2,0.77,2.130564739966868,species2_rare,weak,0.76,0.23,6.7
3.4,7.4,1.7,1.9,0.68,0.009,0.11,3.3,2.3,3.4,1.8,1134.2598598024842,species1_rare,weak,0.9,0.061,2.6
15.0,18.0,1.6,0.59,0.12,1.8,8.5,2.2,4.1,0.9,10.0,294.22475296448044,species2_rare,weak,0.99,0.007,19.0
14.0,14.0,2.0,2.3,1.8,0.68,1.5,5.5,1.2,2.6,2.7,23.86763976903051,species1_rare,weak,0.89,0.11,8.1
7.5,5.1,2.8,0.44,0.59,1.0,0.67,7.7,0.79,2.3,5.2,0.3814352055910135,species1_rare,weak,0.76,0.22,4.1
4.7,12.0,0.78,0.68,0.18,0.082,1.3,16.0,3.1,3.4,2.0,861.786827474019,species1_rare,weak,1.0,0.0,6.9
16.0,17.0,3.0,0.96,0.42,0.15,2.8,16.0,2.1,9.2,47.0,555.9197189716049,species1_rare,weak,1.0,0.0,12.0
11.0,15.0,3.0,0.47,0.062,1.1,2.8,22.0,5.3,2.4,-28.0,-1165.417323064534,species1_rare,strong,1.0,0.0,14.0
12.0,15.0,1.5,1.9,1.4,0.38,0.26,7.2,1.3,3.1,6.2,99.15620875493111,species1_rare,weak,0.98,0.016,7.1
20.0,7.0,1.8,2.1,1.0,0.56,10.0,0.11,1.8,2.9,-5.9,78.11245695071702,species2_rare,strong,1.0,0.001,4.4
15.0,8.1,1.0,1.9,0.21,0.29,13.0,1.8,4.5,3.1,7.7,277.77628016797183,species2_rare,weak,1.0,0.0,7.3
13.0,4.2,0.62,2.1,2.5,0.026,14.0,1.4,0.88,8.7,-50.0,-641.7917750586864,species2_rare,strong,0.95,0.046,4.5
17.0,5.1,1.6,2.1,0.31,0.2,9.9,1.0,3.2,5.6,-11.0,171.46339249329804,species2_rare,strong,1.0,0.0005,4.1
6.9,15.0,2.9,1.8,0.49,2.4,0.99,6.2,3.2,1.1,-5.2,-2.257254323495726,species1_rare,strong,0.86,0.12,4.1
15.0,13.0,2.1,2.1,2.0,0.0061,0.94,5.9,1.1,14.0,33.0,5055.943228995205,species1_rare,weak,0.98,0.015,6.6
16.0,7.3,0.73,1.7,1.7,0.25,17.0,1.2,1.0,2.6,-13.0,-2.4386754247115894,species2_rare,strong,0.98,0.015,7.6
19.0,15.0,1.2,2.9,2.4,0.57,9.8,2.8,1.2,2.0,-2.7,-20.419204996077216,species2_rare,strong,0.82,0.18,13.0
2.0,11.0,0.93,2.1,0.027,0.86,0.97,4.2,9.4,1.0,-14.0,-37.39106426708987,species1_rare,strong,0.88,0.086,3.5
13.0,1.7,0.59,2.6,2.5,0.012,20.0,0.19,1.0,11.0,-93.0,-355.7874072946364,species2_rare,strong,0.97,0.012,1.7
14.0,19.0,2.2,0.73,0.38,1.5,2.9,18.0,1.8,1.5,-2.8,-38.88825047038411,species1_rare,strong,0.99,0.0075,16.0
2.6,9.8,0.81,1.7,0.3,2.0,0.093,5.0,3.9,0.52,-8.3,5.6164763658951475,species1_rare,strong,0.69,0.26,3.2
16.0,8.6,1.3,2.5,1.1,0.08,8.6,2.7,1.9,8.3,-19.0,-214.57615565163292,species2_rare,strong,0.98,0.022,14.0
16.0,12.0,2.2,2.9,0.073,1.5,6.5,0.5,9.4,1.5,24.0,586.732548061772,species2_rare,weak,0.99,0.0065,4.8
5.4,6.7,1.4,1.5,1.1,0.18,0.24,3.6,1.3,3.4,3.6,46.11942101602223,species1_rare,weak,0.85,0.12,3.7
14.0,14.0,2.4,2.8,2.2,0.62,1.2,4.5,1.2,3.2,3.3,25.62121501448051,species1_rare,weak,0.86,0.13,6.2
17.0,7.8,2.4,2.9,0.96,0.49,6.4,1.3,2.4,4.0,-4.1,19.938494974161177,species2_rare,strong,0.98,0.019,4.9
6.5,10.0,2.7,2.3,1.1,2.0,0.61,3.5,1.9,1.2,-0.93,2.245460326109141,species1_rare,strong,0.66,0.27,2.8
8.7,14.0,2.6,1.3,0.47,1.7,1.4,8.6,2.4,1.4,-3.6,-2.741112602417064,species1_rare,strong,0.94,0.059,6.2
19.0,9.0,2.0,2.4,2.8,0.76,7.3,1.0,0.88,2.4,-4.9,3.6545681888892974,species2_rare,strong,0.82,0.16,5.8
6.1,6.9,2.8,1.3,0.85,1.2,0.58,4.0,1.4,1.9,0.84,2.887254603491623,species1_rare,weak,0.76,0.19,3.0
12.0,13.0,2.6,1.8,1.7,1.1,0.39,6.2,1.1,2.2,3.1,17.868334068402906,species1_rare,weak,0.88,0.11,5.6
18.0,9.2,1.7,1.4,2.7,0.28,1.6,5.5,0.55,4.7,8.1,35.74290730960481,species1_rare,weak,0.85,0.15,10.0
12.0,2.7,1.7,2.8,0.71,0.2,6.1,0.2,1.9,5.3,-9.8,34.54884809193802,species2_rare,strong,0.97,0.015,2.1
6.7,19.0,2.7,2.8,0.8,1.3,0.26,6.3,3.1,1.8,-3.9,32.85629365338343,species1_rare,strong,0.97,0.027,3.5
7.9,18.0,1.8,2.4,0.78,0.23,0.83,7.0,2.7,4.2,4.4,205.5742118028674,species1_rare,weak,0.99,0.006,5.4
7.7,19.0,2.9,1.8,0.19,1.6,1.7,8.6,6.4,1.7,-16.0,-54.67820524911093,species1_rare,strong,0.98,0.017,6.2
17.0,17.0,2.0,2.3,0.43,1.7,7.9,1.0,4.3,1.1,11.0,99.74487061629364,species2_rare,weak,0.99,0.0075,7.9
15.0,16.0,0.12,1.8,0.87,0.099,93.0,3.5,1.9,1.2,32.0,-1330.0441897490093,species2_rare,weak,1.0,0.0005,22.0
16.0,5.0,1.8,2.3,1.4,0.43,8.1,0.21,1.4,3.4,-7.9,30.089655022189593,species2_rare,strong,0.97,0.019,3.5
17.0,19.0,1.3,2.5,2.0,0.08,1.4,7.1,1.2,8.6,21.0,591.7466436348859,species1_rare,weak,0.99,0.0065,10.0
16.0,17.0,2.6,2.0,1.8,1.5,0.63,7.5,1.1,1.7,1.8,15.50045902924255,species1_rare,weak,0.86,0.13,7.8
6.3,15.0,1.5,0.82,0.098,1.5,2.6,12.0,5.6,1.0,-22.0,-148.11626031651426,species1_rare,strong,0.97,0.024,12.0
3.9,10.0,0.48,0.42,0.08,0.71,3.3,17.0,3.8,0.74,-20.0,-47.73741628528004,species1_rare,strong,0.99,0.013,16.0
15.0,9.0,1.6,2.3,2.8,0.84,7.0,0.92,0.83,1.8,-3.0,1.771425394251807,species2_rare,strong,0.67,0.31,5.5
7.1,9.3,2.6,2.3,1.2,0.35,0.68,3.6,1.7,3.9,3.2,28.766062497922846,species1_rare,weak,0.86,0.11,3.5
6.8,13.0,2.4,1.5,0.47,2.1,1.2,6.3,2.7,1.1,-4.0,-2.6084472395911926,species1_rare,strong,0.83,0.14,4.8
17.0,15.0,2.0,1.5,1.2,1.7,8.1,0.41,1.2,1.2,0.22,16.913663083953047,species2_rare,weak,0.79,0.21,10.0
10.0,14.0,1.9,0.85,0.015,0.25,4.6,14.0,12.0,4.7,-33.0,-2674.17723998858,species1_rare,strong,1.0,0.0,76.0
7.5,13.0,1.3,2.1,0.18,1.9,4.9,1.0,6.4,0.71,11.0,59.02689185800479,species2_rare,weak,0.9,0.086,6.5
18.0,19.0,2.1,1.4,1.2,1.9,2.4,9.8,1.1,1.1,-0.11,2.2943743112425876,species1_rare,strong,0.66,0.34,13.0
16.0,3.7,1.7,2.3,1.5,0.19,8.9,0.42,1.4,5.9,-19.0,19.93215995264517,species2_rare,strong,0.99,0.011,2.9
15.0,13.0,2.6,0.12,0.074,1.5,4.1,47.0,1.5,1.7,3.1,-1946.0512478577366,species1_rare,weak,0.95,0.053,32.0
5.2,4.8,2.9,1.8,1.1,0.12,0.62,2.1,1.4,4.4,2.3,21.901197298007403,species1_rare,weak,0.71,0.18,2.3
17.0,5.2,2.0,0.63,2.2,0.29,1.1,6.2,0.34,5.2,12.0,16.431676881745513,species1_rare,weak,0.78,0.22,8.7
12.0,17.0,2.7,1.9,1.1,0.58,0.7,8.4,1.7,3.6,7.3,87.43289145073295,species1_rare,weak,0.99,0.007,5.5
11.0,7.7,1.5,2.1,2.5,0.82,5.3,1.1,0.87,1.7,-1.6,0.09731565833694543,species2_rare,strong,0.59,0.38,4.4
3.2,2.9,2.1,2.0,0.18,1.7,1.0,0.085,2.5,1.2,0.64,5.385309823553185,species2_rare,weak,0.53,0.22,1.5
9.0,9.6,2.3,0.53,0.2,1.1,2.6,11.0,2.3,1.9,-1.7,-83.92512089409585,species1_rare,strong,0.93,0.065,11.0
19.0,12.0,2.5,2.0,0.26,0.99,7.0,2.3,5.0,2.3,6.3,139.29215433140533,species2_rare,weak,0.99,0.009,9.5
18.0,10.0,0.51,1.9,0.12,0.15,33.0,2.2,6.5,3.0,54.0,1755.971323752949,species2_rare,weak,1.0,0.0,9.8
7.3,16.0,0.87,2.5,0.39,2.0,7.0,0.46,4.7,0.48,14.0,31.581425901051862,species2_rare,weak,0.92,0.072,7.6
12.0,14.0,0.76,1.5,0.2,0.53,14.0,3.6,5.0,1.4,18.0,193.90066134347043,species2_rare,weak,1.0,0.0,18.0
11.0,2.7,2.3,1.7,2.0,0.013,3.4,0.96,0.89,10.0,-11.0,-142.00966856883957,species2_rare,strong,0.74,0.18,2.7
6.2,17.0,2.0,2.2,0.7,2.9,0.017,7.3,2.8,0.74,-7.5,11.333241237157589,species1_rare,strong,0.84,0.14,4.1
14.0,19.0,2.2,2.8,2.0,0.21,0.32,6.2,1.4,6.2,14.0,228.18792345351625,species1_rare,weak,0.98,0.013,5.5
14.0,15.0,2.9,1.3,1.2,0.83,0.17,11.0,1.1,3.0,10.0,66.2922964150676,species1_rare,weak,0.99,0.007,6.1
10.0,12.0,2.5,2.9,2.3,0.2,0.12,4.0,1.2,6.0,9.3,104.04113441065434,species1_rare,weak,0.9,0.074,3.9
13.0,5.5,2.3,2.5,2.8,0.66,4.5,0.62,0.92,2.9,-3.8,1.5879327909821486,species2_rare,strong,0.7,0.23,3.0
5.8,7.3,2.9,2.3,1.0,0.25,0.73,2.7,1.9,4.1,2.1,20.927565617332245,species1_rare,weak,0.78,0.15,2.7
10.0,14.0,2.7,1.8,0.45,0.23,2.3,7.2,3.3,5.9,6.1,102.74627548573987,species1_rare,weak,0.99,0.01,9.0
16.0,12.0,2.6,0.31,0.24,1.5,4.1,17.0,1.3,1.7,2.5,-147.55355850944633,species1_rare,weak,0.8,0.2,26.0
2.9,11.0,3.0,2.4,0.056,1.6,0.58,3.7,8.8,1.5,-11.0,-38.46550482074197,species1_rare,strong,0.86,0.083,2.1
2.1,8.8,0.68,0.97,0.12,2.3,0.47,6.9,4.5,0.45,-13.0,0.5740169397554931,species1_rare,strong,0.68,0.27,3.5
19.0,17.0,1.7,2.3,2.3,0.7,1.7,6.4,0.99,2.2,2.8,26.91229917606121,species1_rare,weak,0.87,0.13,12.0
18.0,14.0,1.6,2.7,0.18,0.86,10.0,1.4,7.4,1.8,25.0,367.1975641058667,species2_rare,weak,1.0,0.001,6.9
20.0,18.0,1.5,0.65,0.63,0.91,3.2,22.0,1.0,1.6,5.3,33.208364994588756,species1_rare,weak,0.99,0.013,23.0
11.0,16.0,1.8,1.8,0.25,2.4,5.4,1.1,5.2,0.75,9.4,62.63501515742812,species2_rare,weak,0.92,0.081,8.0
7.9,12.0,2.6,1.9,0.74,1.6,1.2,5.0,2.3,1.5,-1.4,2.3592501764864915,species1_rare,strong,0.81,0.17,4.6
5.1,17.0,1.8,0.94,0.06,0.36,1.7,16.0,8.3,2.8,-39.0,-63.21896961742864,species1_rare,strong,1.0,0.0,5.8
5.5,15.0,2.6,1.3,0.036,1.0,1.6,10.0,11.0,2.0,-38.0,-424.6117943494927,species1_rare,strong,1.0,0.004,5.1
17.0,19.0,1.4,1.6,1.3,1.3,2.6,9.4,1.2,1.1,-0.58,8.356455368333975,species1_rare,strong,0.74,0.26,16.0
5.2,9.4,2.2,0.78,0.07,0.26,1.6,10.0,5.4,3.5,-8.0,-81.67654283000645,species1_rare,strong,1.0,0.0005,5.3
18.0,13.0,1.7,2.7,2.0,0.96,8.0,1.8,1.3,1.7,-1.3,3.7322737648165263,species2_rare,strong,0.87,0.13,8.7
18.0,7.7,1.4,2.9,1.7,0.11,9.9,1.9,1.6,8.0,-26.0,-172.97502993692288,species2_rare,strong,0.99,0.0075,7.3
3.1,9.9,2.7,2.2,0.42,1.4,0.19,3.9,3.7,1.4,-4.1,7.84543653664988,species1_rare,strong,0.85,0.085,2.0
4.7,6.7,1.2,2.9,1.6,0.6,0.51,1.9,1.6,1.7,0.069,4.247779088022307,species1_rare,weak,0.54,0.34,2.4
4.3,18.0,1.4,2.6,0.41,1.5,0.59,6.2,5.0,0.95,-11.0,21.162368205272113,species1_rare,strong,0.94,0.057,4.2
13.0,8.8,2.7,1.0,0.8,0.07,2.3,7.7,1.2,10.0,24.0,269.7518400837285,species1_rare,weak,0.99,0.009,9.5
20.0,9.1,2.0,2.2,1.6,0.47,7.5,2.0,1.3,3.7,-6.5,-0.24032499706702157,species2_rare,strong,0.95,0.048,8.6
18.0,15.0,2.3,2.2,1.3,1.7,6.5,1.2,1.6,1.4,0.57,15.006973216919976,species2_rare,weak,0.87,0.13,8.1
13.0,16.0,0.85,2.1,0.16,0.72,14.0,2.6,7.5,1.2,35.0,347.6395821947454,species2_rare,weak,1.0,0.0,12.0
8.0,12.0,2.9,1.0,0.35,0.9,1.3,9.4,2.5,2.5,0.26,0.22396627857039958,species1_rare,weak,0.98,0.014,5.1
9.2,5.0,1.9,2.3,1.4,0.48,3.7,0.98,1.4,3.0,-2.1,0.3616712015819843,species2_rare,strong,0.73,0.21,3.2
13.0,19.0,0.9,2.6,0.051,1.1,13.0,1.6,14.0,0.82,76.0,1218.2602408055207,species2_rare,weak,1.0,0.0,8.5
14.0,14.0,2.7,2.4,0.32,2.7,4.8,0.19,5.2,0.99,9.6,80.24524884045994,species2_rare,weak,0.92,0.071,5.4
9.8,8.4,2.5,0.97,0.88,0.53,1.1,7.0,1.1,3.4,6.7,23.315098355177795,species1_rare,weak,0.96,0.037,5.8
10.0,15.0,2.0,1.8,0.5,2.9,4.2,1.1,3.1,0.71,3.7,15.299381996213784,species2_rare,weak,0.72,0.27,6.9
7.5,11.0,1.3,1.6,0.17,1.7,4.9,1.1,5.4,0.79,8.8,59.83483766662666,species2_rare,weak,0.89,0.097,7.0
19.0,3.5,2.7,1.8,0.17,0.071,6.5,1.1,2.8,13.0,-27.0,195.85529978743608,species2_rare,strong,0.99,0.0055,4.0
10.0,18.0,2.6,0.47,0.14,0.53,1.9,33.0,3.0,3.5,7.3,-77.64692800159999,species1_rare,weak,1.0,0.0,7.9
14.0,16.0,1.8,2.6,0.65,1.9,7.6,0.079,3.4,0.93,9.1,55.92336437615295,species2_rare,weak,0.98,0.022,6.5
15.0,10.0,1.3,2.3,0.75,0.85,10.0,0.3,2.6,1.5,5.3,66.93135941404509,species2_rare,weak,1.0,0.0025,5.7
3.0,12.0,1.3,1.1,0.077,0.57,1.0,9.7,6.6,1.6,-21.0,3.3066810778320463,species1_rare,strong,1.0,0.004,4.0
16.0,5.6,2.5,2.4,1.9,0.34,4.8,1.3,1.2,5.3,-7.2,-3.8027546386577713,species2_rare,strong,0.86,0.11,4.3
5.8,13.0,2.6,2.9,1.2,0.89,0.039,3.9,2.2,2.2,-0.061,21.49824346390357,species1_rare,strong,0.87,0.089,2.8
4.0,19.0,1.2,2.9,0.43,2.1,0.3,6.1,5.2,0.65,-13.0,16.16694059223042,species1_rare,strong,0.91,0.073,4.1
11.0,4.5,0.81,1.7,1.6,0.15,11.0,1.0,1.1,3.9,-14.0,-25.251794249688615,species2_rare,strong,0.95,0.042,4.7
6.0,11.0,2.0,1.8,0.82,0.014,0.31,5.4,1.9,5.8,9.8,1735.3401709840518,species1_rare,weak,0.98,0.015,3.7
18.0,18.0,2.6,0.96,0.76,1.3,1.9,16.0,1.2,1.9,4.3,20.29023159471347,species1_rare,weak,0.99,0.015,12.0
8.8,2.3,1.3,1.7,0.77,0.15,6.0,0.23,1.5,4.5,-8.9,19.870579814925996,species2_rare,strong,0.95,0.029,2.4
16.0,8.4,1.5,2.5,0.64,0.73,9.6,0.14,2.9,2.0,4.6,93.12582246202074,species2_rare,weak,1.0,0.001,4.4
1.8,17.0,1.4,0.88,0.019,2.9,0.32,17.0,13.0,0.67,-100.0,-141.41359840619327,species1_rare,strong,0.98,0.013,2.4
4.2,11.0,2.7,1.9,0.22,1.3,0.83,4.5,5.0,1.6,-6.1,-5.94210010573033,species1_rare,strong,0.87,0.092,2.9
17.0,13.0,0.95,1.5,0.57,0.49,15.0,3.5,2.3,1.8,2.6,63.18721016035102,species2_rare,weak,1.0,0.0,19.0
6.1,17.0,2.3,2.5,0.25,2.1,1.6,5.1,6.4,1.1,-9.3,-14.76611543771267,species1_rare,strong,0.84,0.14,5.2
9.4,8.4,2.8,3.0,0.53,1.9,2.9,0.58,3.6,1.4,2.6,14.788953273582203,species2_rare,weak,0.75,0.19,3.1
9.3,6.1,1.8,1.5,1.0,0.95,4.2,0.74,1.3,1.7,-0.64,6.9122011923637015,species2_rare,strong,0.74,0.23,4.4
3.5,12.0,1.9,2.1,0.069,2.4,1.2,3.7,8.5,0.84,-9.9,-36.134571722212435,species1_rare,strong,0.73,0.21,3.1
8.5,6.5,2.7,3.0,1.0,1.4,2.6,0.61,2.2,1.7,0.54,4.384272279636723,species2_rare,weak,0.67,0.24,2.5
7.5,19.0,1.5,1.7,0.51,2.3,1.4,8.5,2.9,0.69,-7.9,3.981814505342917,species1_rare,strong,0.85,0.14,7.9
9.4,11.0,2.1,2.4,0.26,2.2,4.0,0.33,5.2,0.95,7.7,50.43190314315716,species2_rare,weak,0.86,0.12,4.2
5.0,15.0,0.91,1.6,0.43,2.4,0.73,7.8,3.2,0.43,-9.6,3.689296389311248,species1_rare,strong,0.68,0.3,6.5
5.0,8.2,1.6,2.1,1.0,1.1,0.42,3.2,1.8,1.3,-0.66,5.077556622767537,species1_rare,strong,0.68,0.26,3.0
3.6,17.0,2.5,2.3,0.27,1.8,0.32,6.7,5.9,1.3,-15.0,16.448272155225805,species1_rare,strong,0.96,0.022,2.6
7.4,3.7,2.4,1.8,0.52,0.68,2.5,0.55,2.1,2.7,-0.54,9.212797054216505,species2_rare,strong,0.72,0.2,2.5
4.8,7.7,3.0,2.2,1.2,1.2,0.11,3.0,1.7,1.9,0.27,5.733946545150964,species1_rare,weak,0.72,0.18,2.1
8.2,16.0,0.74,1.9,0.8,0.28,1.1,7.9,2.2,2.2,0.2,148.09670855933393,species1_rare,weak,0.99,0.008,9.8
6.8,5.4,2.7,2.4,2.6,0.5,0.48,1.7,0.94,3.3,1.5,3.96231320610756,species1_rare,weak,0.56,0.29,2.1
11.0,11.0,0.4,2.2,0.41,0.26,22.0,2.1,3.8,1.5,24.0,31.023275365123098,species2_rare,weak,1.0,0.0,10.0
2.0,3.9,1.6,1.9,0.61,2.5,0.1,1.4,2.0,0.78,-0.82,0.2581897014218541,species1_rare,strong,0.36,0.32,1.4
4.9,5.3,2.9,1.3,0.81,0.94,0.57,2.8,1.5,2.2,0.77,1.7706100810010597,species1_rare,weak,0.68,0.22,2.3
13.0,5.3,1.1,0.83,0.7,0.31,9.6,1.7,1.1,3.0,-7.5,33.18963878598394,species2_rare,strong,0.99,0.009,9.3
3.6,16.0,1.5,2.6,0.31,1.0,0.58,5.5,5.8,1.3,-11.0,25.01888742511786,species1_rare,strong,0.95,0.038,3.5
16.0,9.3,3.0,2.6,2.7,1.4,4.2,0.97,1.0,2.0,-1.7,2.5172167526584,species2_rare,strong,0.66,0.3,4.0
8.2,17.0,0.71,1.3,0.49,0.88,3.1,10.0,2.5,0.83,-5.7,20.236176159650675,species1_rare,strong,0.94,0.064,17.0
6.0,4.8,0.92,2.8,0.32,0.6,5.3,0.24,3.4,1.4,5.0,33.46779159369459,species2_rare,weak,0.95,0.034,2.7
12.0,7.9,1.5,2.9,1.6,0.35,5.8,1.7,1.7,3.4,-3.6,-15.085048531816124,species2_rare,strong,0.85,0.14,5.7
5.8,1.9,2.9,1.2,0.3,0.5,1.6,0.044,1.5,3.2,-1.3,12.114591474412595,species2_rare,strong,0.62,0.21,1.8
18.0,17.0,2.9,1.5,1.2,1.4,2.2,8.8,1.2,2.0,2.6,8.175893550035427,species1_rare,weak,0.92,0.079,11.0
3.6,6.9,1.4,2.5,0.81,0.17,0.54,2.3,2.4,2.8,0.36,28.443120153215823,species1_rare,weak,0.71,0.2,2.6
17.0,14.0,2.8,0.93,1.1,1.6,1.6,11.0,0.88,1.7,4.1,3.754424406214359,species1_rare,weak,0.81,0.19,10.0
5.8,9.2,2.0,2.0,0.68,0.4,1.1,3.8,2.5,3.0,0.67,19.789454030713774,species1_rare,weak,0.85,0.12,4.1
6.5,14.0,1.7,0.81,0.23,2.9,2.1,8.6,3.0,0.63,-7.8,-22.1194947449318,species1_rare,strong,0.69,0.3,6.9
13.0,18.0,2.7,1.2,0.48,1.7,2.5,11.0,2.4,1.5,-3.6,-20.00301828664497,species1_rare,strong,0.95,0.045,12.0
2.8,1.3,2.0,2.8,1.9,0.16,0.84,0.061,1.1,2.4,-0.53,-0.06854540280251939,species2_rare,strong,0.38,0.2,1.2
12.0,20.0,1.6,2.7,1.5,1.5,0.96,6.4,1.7,1.1,-1.8,14.19769830484983,species1_rare,strong,0.82,0.18,8.3
13.0,16.0,2.6,1.1,0.88,2.4,1.3,10.0,1.2,1.1,-0.73,1.215592183219375,species1_rare,strong,0.7,0.29,8.7
17.0,19.0,2.4,2.0,0.48,2.4,6.1,1.8,3.6,1.0,5.6,48.76803070758911,species2_rare,weak,0.93,0.064,10.0
18.0,7.9,2.9,2.1,0.035,0.7,5.7,1.4,7.1,3.5,7.6,999.4745461245113,species2_rare,weak,0.98,0.021,5.8
12.0,13.0,1.8,1.8,0.072,1.7,5.9,0.94,8.6,1.0,19.0,346.17874017922713,species2_rare,weak,0.97,0.023,6.8
14.0,7.9,1.9,1.6,0.67,0.83,6.6,0.83,2.1,2.1,-0.16,41.3073046052729,species2_rare,strong,0.97,0.028,6.0
7.6,8.8,2.5,1.2,0.72,0.71,0.87,6.2,1.5,2.6,3.0,15.695914187027332,species1_rare,weak,0.92,0.062,4.6
3.4,2.1,2.8,2.6,0.7,1.0,0.84,0.071,1.6,1.8,-0.083,1.1131175847661385,species2_rare,strong,0.44,0.21,1.3
19.0,8.0,1.7,3.0,1.1,0.3,9.9,1.4,2.2,4.5,-9.8,5.63569106332161,species2_rare,strong,1.0,0.0005,5.4
12.0,2.7,2.0,2.6,1.2,0.17,5.3,0.31,1.5,6.3,-12.0,9.471363165977536,species2_rare,strong,0.94,0.033,2.2
11.0,7.3,2.7,2.7,0.22,1.4,3.7,0.42,4.8,1.8,5.0,70.91541269216287,species2_rare,weak,0.89,0.077,3.4
14.0,6.0,2.4,0.24,0.48,0.44,2.1,17.0,0.54,4.2,27.0,-6.056282529416829,species1_rare,weak,0.97,0.026,12.0
19.0,17.0,2.0,3.0,2.4,1.5,6.6,1.8,1.2,1.3,-0.14,1.927380884311813,species2_rare,strong,0.7,0.29,8.0
9.8,12.0,1.5,2.4,0.033,2.0,5.7,0.052,11.0,0.8,28.0,734.5984638836918,species2_rare,weak,0.98,0.018,4.8
18.0,14.0,0.64,1.9,0.96,0.12,18.0,6.0,1.8,4.4,-16.0,-466.025763634194,species2_rare,strong,0.94,0.005,170.0
8.3,17.0,1.1,1.1,0.35,0.58,2.9,12.0,2.9,1.6,-5.7,60.03715006350734,species1_rare,strong,1.0,0.001,14.0
6.1,15.0,2.9,1.9,0.1,0.91,1.6,6.3,8.4,2.3,-14.0,-71.77012663072415,species1_rare,strong,0.97,0.029,4.9
1.8,3.3,2.6,1.5,0.24,0.9,0.17,1.4,2.4,1.4,-0.63,0.350834132620444,species1_rare,strong,0.57,0.19,1.4
19.0,3.3,1.6,0.73,0.67,0.15,11.0,1.0,1.1,7.0,-29.0,87.8503607168077,species2_rare,strong,1.0,0.001,5.8
6.1,16.0,0.51,2.7,0.86,0.78,0.77,5.4,2.8,0.7,-4.8,21.803627330578514,species1_rare,strong,0.8,0.2,8.7
19.0,11.0,1.3,1.6,1.3,0.56,12.0,2.3,1.2,2.1,-4.3,15.064364694677696,species2_rare,strong,0.97,0.025,12.0
12.0,17.0,1.9,1.8,1.2,1.4,0.48,8.5,1.5,1.4,-0.32,22.452329848734156,species1_rare,strong,0.92,0.076,7.9
19.0,6.0,2.4,1.8,2.1,0.3,6.0,1.7,0.88,5.9,-11.0,-5.760981750100345,species2_rare,strong,0.88,0.11,6.4
9.4,1.6,2.7,2.3,0.46,0.11,3.1,0.11,1.4,7.0,-8.3,23.26549450564923,species2_rare,strong,0.89,0.048,1.7
15.0,18.0,1.3,2.3,0.5,1.5,11.0,0.54,3.8,0.85,15.0,95.87087971908178,species2_rare,weak,1.0,0.004,8.2
5.1,15.0,2.6,2.3,0.056,1.1,1.5,5.2,11.0,1.8,-17.0,-103.32756012704836,species1_rare,strong,0.93,0.053,4.4
1.9,17.0,2.9,2.5,0.0061,1.5,0.3,6.3,17.0,1.3,-45.0,-389.0400897660109,species1_rare,strong,0.97,0.013,1.7
7.6,6.5,3.0,0.53,0.17,0.88,1.8,7.4,2.4,2.6,0.51,-69.68546545293457,species1_rare,weak,0.89,0.1,5.9
5.6,17.0,2.0,2.3,0.42,0.66,0.86,6.9,4.4,2.2,-6.6,57.02907723869316,species1_rare,strong,0.99,0.011,4.3
19.0,13.0,2.5,0.93,1.2,0.15,0.91,13.0,0.79,9.2,50.0,440.57433398377844,species1_rare,weak,1.0,0.0,7.5
6.1,8.7,1.6,3.0,0.16,2.4,3.2,0.07,6.2,0.72,8.5,47.15921230978662,species2_rare,weak,0.83,0.13,3.0
9.5,7.6,2.2,1.6,0.64,1.4,3.6,0.91,2.1,1.5,0.87,11.416933791296993,species2_rare,weak,0.74,0.22,4.4
13.0,19.0,1.6,2.3,1.5,0.51,0.39,7.8,1.5,2.7,4.2,103.73994573849279,species1_rare,weak,0.98,0.015,7.5
15.0,6.9,2.5,1.2,1.1,1.0,5.4,0.31,1.1,2.2,-2.9,19.253042164985203,species2_rare,strong,0.83,0.16,6.0
18.0,6.5,1.2,2.6,1.4,0.098,12.0,1.6,1.7,7.6,-32.0,-168.6646063151748,species2_rare,strong,1.0,0.002,6.0
10.0,17.0,2.4,2.7,1.3,0.22,0.76,5.9,2.0,5.6,9.3,177.3804908500643,species1_rare,weak,0.98,0.02,5.1
14.0,7.0,2.5,2.5,0.34,0.65,5.1,1.1,3.9,3.2,1.4,64.00511406963258,species2_rare,weak,0.95,0.037,4.5
11.0,15.0,1.8,3.0,2.1,1.1,0.51,4.6,1.4,1.5,0.31,13.535302935138454,species1_rare,weak,0.78,0.2,5.8
17.0,6.9,2.3,1.1,2.6,0.089,0.74,5.6,0.45,10.0,24.0,142.26498010136874,species1_rare,weak,0.95,0.046,6.9
5.3,20.0,3.0,1.2,0.15,1.2,0.66,16.0,5.8,1.9,-29.0,9.634721540746295,species1_rare,strong,1.0,0.0005,3.3
13.0,4.8,1.8,2.4,2.7,0.41,5.5,0.66,0.9,3.4,-6.1,-0.277324463518913,species2_rare,strong,0.78,0.17,3.1
9.1,4.6,2.1,2.7,1.6,0.85,3.8,0.12,1.5,2.1,-1.2,6.319463503466093,species2_rare,strong,0.75,0.17,2.4
8.2,13.0,1.1,2.6,1.3,0.37,1.4,4.3,1.8,2.4,0.79,33.93360824198655,species1_rare,weak,0.83,0.15,6.9
9.1,8.2,2.0,2.2,1.9,1.7,3.9,0.25,1.2,1.1,0.077,1.8916492832840843,species2_rare,weak,0.55,0.4,3.2
14.0,14.0,1.1,1.2,1.1,0.39,1.5,10.0,1.1,2.4,5.8,88.03061950254508,species1_rare,weak,0.99,0.009,13.0
16.0,16.0,2.1,2.5,2.4,0.25,0.52,5.8,1.1,5.7,12.0,136.21326893903841,species1_rare,weak,0.97,0.03,6.6
13.0,7.4,2.0,2.2,0.061,0.47,6.2,1.6,6.3,3.3,6.6,425.4916339694149,species2_rare,weak,0.98,0.015,6.2
16.0,5.4,2.0,2.3,1.3,0.36,6.6,0.92,1.6,4.4,-7.9,12.726678271251869,species2_rare,strong,0.96,0.035,4.2
5.3,2.5,2.5,2.5,0.54,0.32,1.6,0.4,1.9,3.4,-0.96,2.7754951860036496,species2_rare,strong,0.62,0.2,1.7
17.0,4.3,2.2,1.2,1.0,0.39,7.1,0.47,1.1,4.4,-11.0,39.162840403486626,species2_rare,strong,0.98,0.022,4.8
18.0,4.1,1.7,2.4,2.0,0.24,9.5,0.39,1.1,5.3,-19.0,15.894424035679561,species2_rare,strong,0.98,0.018,3.1
1.7,1.9,0.067,2.8,1.2,0.015,5.6,0.28,1.3,1.5,-0.35,-120.92239067717236,species2_rare,strong,0.51,0.2,1.4
19.0,17.0,2.5,2.5,2.7,0.18,0.63,6.2,0.94,8.1,20.0,216.44170785604604,species1_rare,weak,0.98,0.017,6.9
13.0,15.0,0.83,1.2,0.1,0.89,14.0,1.4,6.8,0.95,36.0,610.9804808494742,species2_rare,weak,1.0,0.0,11.0
7.7,4.1,2.0,2.9,0.51,0.33,3.2,0.71,2.7,3.6,-1.2,7.410437202607171,species2_rare,strong,0.84,0.11,2.5
16.0,9.6,2.3,2.8,1.5,1.0,5.6,1.0,1.7,2.1,-0.9,10.413592988087197,species2_rare,strong,0.87,0.12,5.2
10.0,14.0,2.2,2.8,1.9,2.4,0.51,4.1,1.4,0.95,-0.83,2.140760004289528,species1_rare,strong,0.59,0.37,4.0
11.0,2.6,2.8,0.11,0.4,0.24,2.2,10.0,0.37,5.9,23.0,-29.228327438507495,species1_rare,weak,0.78,0.21,9.5
11.0,12.0,1.0,2.9,0.093,0.47,9.6,2.1,8.6,2.0,25.0,334.2444407113893,species2_rare,weak,1.0,0.0015,8.3
5.9,4.7,2.6,2.0,2.5,1.4,0.41,1.6,0.84,1.6,0.46,0.36565090802713257,species1_rare,weak,0.45,0.35,1.8
12.0,14.0,2.0,2.4,0.13,1.8,5.4,1.4,8.0,1.1,14.0,151.0050882834929,species2_rare,weak,0.95,0.045,7.0
16.0,13.0,1.0,2.0,0.11,0.64,14.0,1.3,7.7,1.6,39.0,765.2623955375366,species2_rare,weak,1.0,0.0,7.4
9.5,9.5,2.9,2.6,0.37,2.2,2.8,0.88,4.3,1.3,2.9,17.805838660516272,species2_rare,weak,0.71,0.23,3.5
2.9,1.6,1.9,2.5,0.45,0.048,0.95,0.23,1.5,2.7,-0.46,-2.8643734157817713,species2_rare,strong,0.52,0.19,1.4
15.0,6.7,2.2,2.9,1.1,0.11,5.6,1.8,2.2,8.7,-13.0,-62.291367751108986,species2_rare,strong,0.93,0.054,5.6
5.0,18.0,2.4,2.8,0.48,2.2,0.52,5.6,4.7,1.1,-9.2,9.765698067367145,species1_rare,strong,0.91,0.067,3.3
11.0,19.0,1.5,2.3,0.011,1.9,6.7,2.0,17.0,0.81,38.0,2195.6324330322664,species2_rare,weak,0.99,0.013,9.3
8.3,5.8,2.5,2.3,0.99,1.5,2.7,0.32,1.9,1.6,0.43,5.92667357684279,species2_rare,weak,0.67,0.24,2.5
13.0,7.4,1.7,2.8,2.1,0.79,6.2,0.56,1.2,2.0,-2.1,5.6743693138422655,species2_rare,strong,0.82,0.15,4.1
9.8,11.0,2.8,1.3,0.88,2.2,1.5,5.3,1.4,1.2,-0.3,-1.2862352138731867,species1_rare,strong,0.65,0.32,4.9
4.7,10.0,1.4,1.4,0.15,0.073,1.9,6.4,5.2,4.0,-2.9,242.98664594368105,species1_rare,strong,0.99,0.013,6.8
19.0,4.6,0.33,1.6,0.92,0.042,52.0,0.89,1.5,5.9,-110.0,-363.9029687507385,species2_rare,strong,1.0,0.0,5.1
11.0,9.6,0.7,2.4,2.0,0.39,9.0,2.1,1.2,1.7,-1.6,-17.95129478965521,species2_rare,strong,0.75,0.24,8.0
15.0,18.0,2.5,2.1,1.6,0.22,0.21,8.4,1.2,6.7,22.0,292.53026951057785,species1_rare,weak,1.0,0.004,6.0
14.0,14.0,2.5,2.5,2.5,1.1,0.047,5.2,0.98,2.1,2.9,17.18088310910917,species1_rare,weak,0.82,0.16,5.5
13.0,8.8,2.8,2.1,2.5,0.097,0.91,3.6,0.87,8.9,11.0,100.56934010399816,species1_rare,weak,0.84,0.12,4.5
4.7,12.0,2.4,2.2,0.69,0.16,0.15,4.9,2.7,3.8,2.6,159.54261963115573,species1_rare,weak,0.97,0.018,2.8
11.0,14.0,1.1,3.0,0.92,1.1,8.0,1.3,2.8,0.99,6.1,14.316243315582911,species2_rare,weak,0.93,0.07,7.3
2.8,9.1,2.6,2.8,0.45,1.9,0.19,2.7,3.9,1.2,-3.5,3.169840781984434,species1_rare,strong,0.69,0.16,1.8
13.0,12.0,1.4,0.35,0.13,0.034,5.4,31.0,2.3,9.7,96.0,3393.6358869140877,species1_rare,weak,1.0,0.0,58.0
6.7,12.0,1.8,2.2,0.22,2.9,3.1,0.66,5.7,0.65,6.1,25.254065768036337,species2_rare,weak,0.73,0.23,4.0
19.0,13.0,2.1,2.7,1.3,1.4,8.2,0.24,1.9,1.5,1.8,35.81076447203855,species2_rare,weak,0.97,0.027,6.0
2.7,6.4,1.2,1.4,0.36,0.73,0.32,3.6,2.7,1.3,-2.3,8.365627609281507,species1_rare,strong,0.79,0.16,2.8
8.1,9.4,1.5,2.7,1.0,1.6,4.2,0.69,2.2,0.97,2.2,5.311122427103969,species2_rare,weak,0.7,0.26,4.0
4.2,11.0,2.7,1.8,0.27,1.0,0.69,5.2,4.5,1.9,-5.8,5.138515758261393,species1_rare,strong,0.94,0.045,2.8
17.0,7.4,1.2,2.5,1.6,0.037,11.0,2.4,1.4,11.0,-41.0,-615.7301276582707,species2_rare,strong,0.99,0.011,10.0
18.0,20.0,1.4,1.8,1.2,0.014,3.4,11.0,1.5,15.0,50.0,4759.859504908307,species1_rare,weak,1.0,0.001,17.0
7.7,14.0,0.72,1.2,0.53,0.4,1.3,11.0,2.0,1.6,-1.9,108.55669297093412,species1_rare,strong,1.0,0.002,11.0
18.0,11.0,2.7,2.4,0.048,1.4,6.4,0.76,9.5,1.9,21.0,1008.3325421322982,species2_rare,weak,0.99,0.005,5.5
7.2,15.0,0.67,2.3,0.64,1.2,7.3,2.1,3.0,0.57,6.4,4.713379431626328,species2_rare,weak,0.76,0.23,9.9
9.9,17.0,2.5,1.1,0.38,1.1,1.6,13.0,2.6,2.0,-3.7,9.945096711161941,species1_rare,strong,0.99,0.0055,7.6
9.7,5.6,0.83,1.5,0.61,0.3,9.5,1.2,1.9,2.4,-1.7,25.569443372891158,species2_rare,strong,0.99,0.006,6.1
19.0,3.6,2.5,1.3,1.6,0.062,5.9,1.8,0.86,13.0,-25.0,-53.310455033968104,species2_rare,strong,0.93,0.059,5.9
17.0,12.0,1.4,2.1,0.4,0.45,11.0,3.0,3.9,2.7,5.0,89.77554834218489,species2_rare,weak,1.0,0.001,15.0
6.3,8.5,2.5,2.2,1.2,1.9,0.84,2.7,1.7,1.3,-0.4,0.7244387566952349,species1_rare,strong,0.56,0.34,2.6
14.0,10.0,2.8,2.8,0.87,1.5,4.2,1.1,2.6,1.8,1.3,14.841055678369353,species2_rare,weak,0.82,0.16,4.8
14.0,6.4,0.86,2.5,1.4,0.049,12.0,1.9,1.6,8.1,-34.0,-456.7299603852515,species2_rare,strong,0.99,0.0055,6.8
5.2,11.0,2.0,2.2,0.39,0.7,1.3,4.1,3.9,2.1,-2.5,8.11547066708778,species1_rare,strong,0.86,0.11,4.3
9.4,17.0,2.5,1.9,0.52,0.16,1.7,7.9,3.2,6.1,8.7,256.71260607945294,species1_rare,weak,1.0,0.0035,6.9
6.0,19.0,2.7,1.9,0.2,2.3,1.2,8.3,6.5,1.1,-19.0,-32.41605173725327,species1_rare,strong,0.96,0.035,4.5
15.0,13.0,2.5,2.6,0.054,2.1,5.5,0.34,11.0,1.2,24.0,636.546297070141,species2_rare,weak,0.97,0.024,5.0
11.0,15.0,1.3,1.5,0.16,1.5,7.1,2.2,6.1,0.89,12.0,118.78500945721056,species2_rare,weak,0.98,0.021,11.0
14.0,2.5,0.39,1.9,2.0,0.021,33.0,0.41,0.97,8.3,-120.0,-480.1254629933992,species2_rare,strong,0.99,0.0045,2.6
6.6,8.7,2.1,1.7,0.79,0.73,1.1,4.1,1.9,2.2,0.51,7.945651977254022,species1_rare,weak,0.81,0.16,4.3
18.0,7.5,1.8,2.0,0.24,0.1,8.9,2.8,4.2,9.3,-16.0,39.23957298803629,species2_rare,strong,1.0,0.0015,14.0
17.0,17.0,1.3,2.9,2.5,0.091,1.8,5.5,1.2,8.0,13.0,310.5065822472855,species1_rare,weak,0.95,0.046,11.0
18.0,15.0,3.0,1.7,0.4,2.0,5.6,1.6,3.5,1.4,4.2,66.213150572662,species2_rare,weak,0.93,0.066,8.8
15.0,12.0,0.42,2.1,2.5,0.31,21.0,2.2,0.86,1.3,-4.3,-14.219935172597555,species2_rare,strong,0.62,0.38,13.0
4.3,14.0,1.1,2.4,0.54,1.1,0.28,5.5,3.5,0.99,-6.6,21.571366917122514,species1_rare,strong,0.91,0.077,4.3
19.0,15.0,0.57,2.2,1.6,0.23,20.0,4.3,1.3,2.3,-7.9,-186.44209628413026,species2_rare,strong,0.98,0.025,31.0
14.0,1.1,2.6,2.6,1.5,0.015,5.2,0.0081,1.0,13.0,-32.0,19.685932714653415,species2_rare,strong,0.95,0.013,1.5
12.0,6.4,1.6,1.5,1.7,0.7,6.1,0.75,0.88,2.0,-3.1,5.272940514609532,species2_rare,strong,0.73,0.26,5.5
6.5,9.5,1.4,2.6,1.7,0.6,0.062,3.3,1.5,1.9,0.73,16.148010668715067,species1_rare,weak,0.73,0.23,3.6
14.0,5.6,1.5,2.4,0.98,0.47,8.2,0.33,1.9,2.8,-3.4,36.76582561823692,species2_rare,strong,0.98,0.013,3.7
19.0,9.1,0.52,0.89,0.4,0.071,29.0,6.8,2.0,5.4,-40.0,-492.59406755597485,species2_rare,strong,0.96,0.0,160.0
3.9,13.0,2.1,2.5,0.5,0.049,0.24,4.9,3.8,3.7,-0.28,578.7945273516962,species1_rare,strong,0.97,0.017,2.8
4.7,4.6,2.0,2.3,2.0,0.41,0.42,1.5,1.1,2.7,0.78,3.373364970116755,species1_rare,weak,0.52,0.31,1.9
18.0,5.0,1.1,0.79,0.25,0.23,15.0,0.64,2.2,4.0,-13.0,432.247806564462,species2_rare,strong,1.0,0.0,6.3
6.8,6.7,1.4,2.8,0.29,0.7,4.0,1.0,4.2,1.7,3.7,20.495327335002443,species2_rare,weak,0.88,0.099,3.9
14.0,3.9,2.9,0.66,2.0,0.66,4.3,0.088,0.4,3.5,-6.5,4.164126974930406,species2_rare,strong,0.57,0.39,4.2
4.6,6.8,1.6,1.4,0.85,0.6,0.046,4.1,1.5,2.0,0.95,15.194927527119445,species1_rare,weak,0.83,0.14,3.1
18.0,8.9,1.4,2.4,2.9,0.36,7.3,2.2,0.84,3.4,-6.6,-19.57719498412133,species2_rare,strong,0.77,0.22,8.0
15.0,3.9,0.9,1.3,0.98,0.087,14.0,1.2,1.2,6.4,-33.0,-32.37330382509527,species2_rare,strong,1.0,0.001,5.3
3.0,12.0,1.1,2.3,0.19,2.2,1.1,3.9,6.2,0.62,-8.1,-2.7558201399798334,species1_rare,strong,0.72,0.23,3.5
9.4,7.1,2.4,0.86,0.81,0.5,1.4,6.2,1.1,3.5,5.8,13.083818433034521,species1_rare,weak,0.91,0.081,6.1
11.0,19.0,2.2,2.5,1.2,0.21,0.76,6.9,2.0,5.6,11.0,236.06422732062475,species1_rare,weak,0.99,0.0075,5.6
2.2,6.1,2.3,2.5,0.018,2.5,0.49,1.6,5.9,0.97,-2.7,-34.45168002083369,species1_rare,strong,0.49,0.26,1.6
4.1,9.2,1.5,2.3,0.79,1.6,0.3,3.3,2.4,0.94,-2.2,3.850148322727311,species1_rare,strong,0.64,0.28,2.7
3.2,4.5,1.8,1.2,0.12,2.4,1.2,0.4,3.3,0.8,1.1,6.872463573844321,species2_rare,weak,0.5,0.32,1.9
18.0,5.6,3.0,2.1,1.4,0.43,5.1,1.1,1.4,5.2,-7.5,9.124391115380712,species2_rare,strong,0.91,0.079,4.5
1.2,17.0,1.8,2.3,0.012,0.82,0.053,7.1,16.0,1.1,-53.0,43.79345098256115,species1_rare,strong,0.99,0.003,1.7
5.8,6.8,1.9,1.8,1.3,0.74,0.53,3.0,1.4,2.0,0.83,5.875752305516741,species1_rare,weak,0.69,0.24,3.0
14.0,11.0,1.5,0.55,0.47,0.47,3.7,15.0,1.1,2.8,9.5,26.475903383316716,species1_rare,weak,1.0,0.0025,20.0
11.0,7.9,2.9,0.22,0.15,1.3,2.5,17.0,1.4,2.0,4.2,-233.56505393961754,species1_rare,weak,0.86,0.13,11.0
12.0,12.0,1.2,2.9,1.8,0.91,7.1,1.6,1.6,1.2,0.87,-0.6193051915680123,species2_rare,weak,0.76,0.23,6.8
6.9,20.0,2.5,2.8,0.69,2.7,0.8,5.8,3.6,0.91,-6.6,5.6415104015504856,species1_rare,strong,0.85,0.13,4.3
13.0,4.7,2.5,1.8,0.052,0.35,4.9,1.1,4.2,5.0,-1.4,439.6192844869283,species2_rare,strong,0.96,0.029,4.3
16.0,17.0,1.5,1.6,0.7,1.5,9.3,1.2,2.1,1.0,4.5,42.37886951359505,species2_rare,weak,0.96,0.038,12.0
12.0,7.7,1.6,1.9,0.02,0.72,6.6,0.99,7.2,2.0,14.0,1530.4542526509267,species2_rare,weak,0.99,0.005,5.1
9.3,4.6,2.5,0.82,0.5,0.87,3.1,1.0,1.4,2.4,-0.99,12.247324650921957,species2_rare,strong,0.69,0.27,4.3
4.1,3.4,0.75,3.0,0.98,0.47,3.9,0.19,1.9,1.4,0.95,2.59728596223684,species2_rare,weak,0.74,0.15,2.0
18.0,18.0,2.0,1.3,0.96,0.55,3.0,12.0,1.3,3.2,8.2,76.48403905289862,species1_rare,weak,1.0,0.0005,15.0
12.0,4.2,2.5,2.1,1.2,0.48,3.9,0.62,1.5,3.9,-3.9,7.874113591897629,species2_rare,strong,0.83,0.12,3.0
3.7,12.0,1.6,2.9,0.58,0.21,0.26,4.0,3.8,2.8,-1.9,98.38495937658018,species1_rare,strong,0.93,0.046,3.0
9.9,2.7,2.8,1.3,0.75,0.26,3.0,0.7,1.4,5.5,-4.7,8.241140650562706,species2_rare,strong,0.8,0.15,2.8
7.0,1.5,0.89,1.7,1.3,0.047,6.6,0.098,1.1,5.3,-14.0,3.5545116278906965,species2_rare,strong,0.9,0.045,1.9
9.4,14.0,0.23,2.5,0.65,0.22,28.0,2.9,3.3,1.1,28.0,-224.98986893317135,species2_rare,weak,1.0,0.001,15.0
2.1,14.0,3.0,2.5,0.2,0.11,0.024,5.1,6.8,2.0,-12.0,285.82281187044117,species1_rare,strong,0.98,0.009,1.7
3.9,4.8,2.3,1.3,0.73,1.1,0.38,2.7,1.5,1.6,0.13,1.6111483248032916,species1_rare,weak,0.62,0.25,2.2
12.0,11.0,2.2,2.7,1.3,1.8,4.7,0.54,1.9,1.2,1.5,9.294979503195,species2_rare,weak,0.77,0.2,4.6
17.0,13.0,1.2,2.3,1.4,0.51,11.0,2.8,1.6,2.1,-2.2,-12.272233798519862,species2_rare,strong,0.96,0.035,14.0
13.0,3.9,0.61,1.5,0.099,0.075,19.0,0.98,3.3,5.2,-17.0,860.863163569692,species2_rare,strong,1.0,0.0,4.4
7.1,13.0,1.8,0.55,0.022,0.72,3.1,18.0,8.9,2.1,-52.0,-1816.286682331344,species1_rare,strong,1.0,0.0,18.0
18.0,7.6,1.5,1.4,0.33,0.3,11.0,2.4,2.9,4.0,-4.9,162.64456170977496,species2_rare,strong,1.0,0.0005,10.0
14.0,20.0,2.3,2.1,1.4,2.1,1.5,7.2,1.5,1.1,-1.3,5.546798311134411,species1_rare,strong,0.77,0.22,8.8
17.0,11.0,0.81,2.4,2.4,0.22,10.0,3.3,1.0,3.2,-7.8,-86.3445396146885,species2_rare,strong,0.81,0.19,16.0
9.9,8.5,2.9,2.2,0.26,2.0,3.0,0.63,4.5,1.4,3.7,35.8214884863705,species2_rare,weak,0.77,0.19,3.5
2.3,5.5,2.6,0.19,0.043,1.8,0.12,23.0,2.7,1.2,-17.0,-45.727434930259605,species1_rare,strong,0.87,0.067,1.9
6.5,2.0,2.1,0.48,2.3,0.36,2.2,0.39,0.35,3.4,-2.7,0.26755090756251604,species2_rare,strong,0.35,0.52,2.2
12.0,13.0,3.0,2.0,1.7,1.6,0.56,5.5,1.2,1.7,1.4,8.115269220155982,species1_rare,weak,0.79,0.19,4.9
18.0,19.0,0.7,2.3,1.7,0.61,16.0,3.8,1.3,1.1,1.1,-15.759883719209073,species2_rare,weak,0.81,0.19,21.0
11.0,4.0,2.0,1.3,0.033,0.35,5.2,0.93,3.7,4.0,-0.64,652.9439432756416,species2_rare,strong,0.97,0.025,4.3
13.0,14.0,0.63,2.1,0.084,0.05,18.0,5.7,9.2,6.6,16.0,-652.6090131007516,species2_rare,weak,0.91,0.0,190.0
3.4,4.4,1.4,1.6,0.1,1.7,1.7,0.35,3.6,0.86,1.9,13.75701584843759,species2_rare,weak,0.62,0.25,2.2
7.8,8.0,0.47,2.8,2.0,0.44,11.0,0.76,1.4,1.1,1.6,-3.991251523924406,species2_rare,weak,0.68,0.28,4.6
18.0,9.1,2.2,1.5,0.47,0.72,7.5,1.7,2.6,2.7,-0.29,81.84296413063875,species2_rare,strong,0.99,0.01,8.1
13.0,3.3,1.0,1.9,2.3,0.081,9.7,0.81,0.87,6.7,-26.0,-57.27058214290403,species2_rare,strong,0.93,0.048,3.3
6.4,9.8,0.25,1.1,0.33,0.24,16.0,4.7,2.7,1.0,9.0,-35.935509339802415,species2_rare,weak,0.98,0.019,31.0
3.2,2.6,2.5,2.2,0.11,1.8,0.85,0.025,2.4,1.2,0.47,7.596301776791192,species2_rare,weak,0.5,0.2,1.4
6.5,1.2,2.5,0.88,1.1,0.074,2.1,0.11,0.96,5.6,-4.6,3.696133324188051,species2_rare,strong,0.61,0.22,1.9
17.0,6.2,1.8,1.7,1.6,0.56,8.8,0.14,1.0,2.8,-7.8,28.319942000920857,species2_rare,strong,0.96,0.039,5.1
3.4,12.0,1.3,1.4,0.3,0.28,0.0092,7.9,3.6,2.2,-5.4,149.41772972330944,species1_rare,strong,1.0,0.0035,3.3
5.6,11.0,2.9,2.8,0.73,0.3,0.71,3.4,3.1,3.8,1.0,38.51312305484573,species1_rare,weak,0.87,0.086,2.9
17.0,8.8,0.89,1.3,0.72,0.17,15.0,3.9,1.7,4.1,-14.0,-56.34249735753871,species2_rare,strong,1.0,0.0005,24.0
16.0,17.0,2.8,2.8,2.2,1.4,1.4,5.1,1.3,1.9,1.1,9.765561372598825,species1_rare,weak,0.81,0.18,6.7
1.4,1.9,2.9,0.73,0.16,1.0,0.066,1.2,1.6,1.2,-0.21,-0.1817690668755619,species1_rare,strong,0.5,0.16,1.3
10.0,11.0,2.2,2.2,0.42,2.1,3.9,0.9,3.8,1.0,4.3,25.100983597167048,species2_rare,weak,0.8,0.18,5.2
13.0,18.0,2.0,2.7,1.5,0.15,1.3,6.3,1.7,6.7,12.0,263.73801834381436,species1_rare,weak,0.99,0.013,7.2
17.0,16.0,0.62,1.6,1.2,0.45,15.0,5.0,1.3,1.4,-0.48,-23.893188756722104,species2_rare,strong,0.86,0.14,30.0
3.1,3.5,2.7,2.6,1.8,0.54,0.13,0.94,1.3,2.2,0.36,1.496521155255863,species1_rare,weak,0.46,0.24,1.4
20.0,6.6,2.1,1.6,0.23,0.23,8.5,2.2,3.7,6.5,-8.7,202.2216928798135,species2_rare,strong,1.0,0.001,8.5
9.2,18.0,2.0,1.6,0.63,1.0,0.98,9.8,2.3,1.8,-2.4,43.632314597135,species1_rare,strong,0.99,0.0095,6.4
11.0,5.7,2.7,1.7,3.0,0.13,0.85,2.7,0.62,7.6,6.4,29.660623872088347,species1_rare,weak,0.72,0.23,3.5
8.5,3.1,2.9,1.3,2.7,0.69,2.1,0.44,0.59,3.1,-2.1,0.6196038493818075,species2_rare,strong,0.46,0.37,2.0
6.2,6.6,1.9,0.59,0.016,0.33,2.6,8.0,5.8,3.3,-6.7,-824.2639669830306,species1_rare,strong,0.98,0.021,12.0
1.6,7.0,2.9,0.054,0.0029,1.9,0.11,110.0,5.3,1.1,-220.0,-5670.55461778913,species1_rare,strong,0.94,0.02,1.6
11.0,7.3,0.5,2.5,2.7,0.039,7.5,2.5,0.91,6.3,-14.0,-350.411207889246,species2_rare,strong,0.65,0.32,7.5
3.6,8.8,2.6,2.9,0.58,2.1,0.48,2.3,3.5,1.2,-2.1,0.8953385989673287,species1_rare,strong,0.61,0.23,2.0
11.0,17.0,2.3,2.6,1.6,2.4,0.2,5.8,1.6,0.94,-1.9,6.211718038913176,species1_rare,strong,0.71,0.27,5.1
17.0,5.4,0.64,1.0,1.7,0.059,16.0,3.4,0.63,6.8,-39.0,-277.3730957856365,species2_rare,strong,0.98,0.02,20.0
20.0,9.5,1.6,1.6,0.38,0.56,11.0,1.4,3.2,2.7,2.6,199.27525566897143,species2_rare,weak,1.0,0.0005,7.4
3.4,15.0,1.5,0.93,0.073,1.3,0.92,14.0,7.2,1.1,-41.0,-53.82697829381315,species1_rare,strong,1.0,0.003,4.1
3.5,11.0,2.5,2.9,0.73,2.0,0.012,3.4,3.1,1.2,-3.2,6.578962701376603,species1_rare,strong,0.76,0.14,2.0
7.7,11.0,0.9,1.2,0.51,1.1,6.4,1.9,2.1,0.81,2.9,9.920848341037882,species2_rare,weak,0.77,0.22,9.9
12.0,12.0,2.0,0.81,0.23,1.9,5.6,0.94,2.9,1.0,4.4,82.36786570675753,species2_rare,weak,0.92,0.08,10.0
14.0,8.7,1.9,2.8,1.8,0.7,5.3,1.4,1.5,2.4,-1.8,-0.16956630865037442,species2_rare,strong,0.8,0.18,5.3
13.0,13.0,0.99,2.1,0.34,0.51,11.0,2.8,4.4,1.8,11.0,87.25515989892517,species2_rare,weak,1.0,0.0025,13.0
3.5,16.0,2.8,2.5,0.051,2.4,0.79,5.2,12.0,1.1,-24.0,-83.64951370877309,species1_rare,strong,0.89,0.07,2.5
7.0,9.6,1.4,0.82,0.32,0.19,2.0,9.9,2.2,3.8,6.2,123.62819445875914,species1_rare,weak,1.0,0.002,8.6
7.1,9.6,2.8,0.93,0.33,0.88,1.2,8.1,2.3,2.5,0.41,-5.005130481207443,species1_rare,weak,0.96,0.033,4.7
1.9,15.0,1.6,2.2,0.021,2.3,0.5,6.1,13.0,0.83,-35.0,-90.55428859487026,species1_rare,strong,0.93,0.045,2.3
6.3,5.6,0.42,2.3,0.53,0.17,11.0,1.2,2.7,2.0,3.6,-32.85304609339455,species2_rare,weak,0.99,0.01,4.9
13.0,18.0,1.9,2.9,1.7,0.91,1.3,5.4,1.6,1.9,0.63,22.134747617278194,species1_rare,weak,0.87,0.12,7.5
7.2,19.0,2.4,1.9,0.23,1.9,1.9,7.4,5.9,1.2,-13.0,-29.359967891883255,species1_rare,strong,0.95,0.043,6.8
8.2,2.4,2.8,1.1,0.85,0.52,2.6,0.038,1.1,3.5,-2.9,9.014451325911429,species2_rare,strong,0.68,0.21,2.3
18.0,5.7,1.5,1.2,1.1,0.22,9.6,2.3,1.0,5.3,-16.0,3.171494917034655,species2_rare,strong,0.99,0.0085,9.8
3.3,16.0,2.1,2.4,0.27,0.53,0.3,6.4,6.0,2.1,-12.0,77.73725562815791,species1_rare,strong,0.99,0.007,2.7
18.0,13.0,0.86,2.1,0.18,0.12,19.0,4.7,6.3,5.3,6.8,73.12954941511724,species2_rare,weak,1.0,0.0,60.0
11.0,12.0,0.59,2.7,2.4,0.31,0.58,4.2,1.1,1.7,1.2,32.77778793626881,species1_rare,weak,0.69,0.29,8.4
7.2,6.9,2.3,0.98,0.82,0.92,0.84,5.2,1.2,2.1,2.0,4.5920195838730455,species1_rare,weak,0.79,0.19,4.3
15.0,4.7,1.3,0.64,0.48,0.21,10.0,2.6,1.2,4.5,-12.0,59.75015874986739,species2_rare,strong,1.0,0.0015,12.0
9.9,17.0,1.9,0.86,0.38,0.54,1.1,18.0,2.1,2.8,5.5,174.6585937862216,species1_rare,weak,1.0,0.0,6.9
6.3,11.0,2.7,2.1,0.73,0.67,0.72,4.6,2.4,2.7,0.57,20.312650034828536,species1_rare,weak,0.91,0.067,3.4
19.0,7.4,2.8,2.0,1.0,0.61,6.2,1.3,1.7,3.8,-5.1,26.845158522008422,species2_rare,strong,0.97,0.029,5.8
19.0,7.6,2.3,2.3,0.65,0.8,7.6,0.22,2.7,2.6,0.1,87.05950618229143,species2_rare,weak,0.99,0.007,4.2
9.7,14.0,2.5,1.9,0.86,1.6,1.6,5.3,2.0,1.5,-1.0,1.7275647672189767,species1_rare,strong,0.79,0.2,6.0
9.3,18.0,1.1,0.047,0.014,0.8,3.7,300.0,2.9,1.3,-250.0,-29802.58391107812,species1_rare,strong,1.0,0.0,22.0
4.2,6.7,2.0,1.1,0.12,0.48,1.3,4.5,4.1,2.3,-2.8,-16.123546014267625,species1_rare,strong,0.89,0.08,3.9
9.0,3.3,3.0,2.8,1.7,0.72,2.6,0.17,1.4,3.1,-2.0,3.9753381265562204,species2_rare,strong,0.69,0.17,1.8
16.0,10.0,2.9,1.5,2.4,1.5,1.3,4.6,0.66,1.8,1.9,0.9180996396002536,species1_rare,weak,0.55,0.42,5.3
5.4,19.0,2.0,0.29,0.058,1.7,0.52,58.0,4.2,1.1,-88.0,-185.4017626681269,species1_rare,strong,1.0,0.0005,5.0
12.0,17.0,2.8,2.2,0.98,1.3,1.8,6.1,2.1,2.0,-0.2,9.150220510206003,species1_rare,strong,0.92,0.079,7.1
1.4,2.8,1.4,1.6,0.19,0.23,0.13,1.1,2.3,1.3,-0.48,3.260856157454922,species1_rare,strong,0.55,0.21,1.5
13.0,6.9,0.76,2.4,0.88,0.25,15.0,0.9,2.2,2.6,-2.9,25.433474363080563,species2_rare,strong,1.0,0.001,5.1
15.0,9.7,1.3,1.7,1.4,0.63,9.3,1.6,1.2,1.9,-2.7,9.99927567745418,species2_rare,strong,0.94,0.059,9.5
2.3,6.6,2.4,1.7,0.32,2.0,0.11,3.2,3.2,1.1,-3.2,2.5339950321584688,species1_rare,strong,0.67,0.16,1.7
12.0,13.0,1.0,0.84,0.38,1.1,10.0,1.1,2.0,0.91,5.0,58.1749619811321,species2_rare,weak,0.95,0.049,15.0
7.2,3.8,1.1,2.2,1.7,0.41,5.5,0.26,1.2,2.1,-2.4,3.6745966903221037,species2_rare,strong,0.76,0.18,2.6
16.0,6.9,2.3,2.8,0.97,0.14,5.7,1.8,2.3,8.2,-12.0,-41.565218151798135,species2_rare,strong,0.94,0.05,6.2
20.0,7.8,0.69,2.5,2.1,0.21,25.0,0.62,1.2,2.9,-22.0,8.508947950468928,species2_rare,strong,1.0,0.003,5.7
11.0,7.9,2.5,2.8,2.1,1.5,3.4,0.63,1.3,1.5,-0.33,2.0651783611583086,species2_rare,strong,0.6,0.33,3.0
13.0,17.0,2.1,1.3,0.89,0.18,0.19,13.0,1.4,6.3,31.0,521.3953459123819,species1_rare,weak,1.0,0.0,5.8
8.9,4.8,1.3,1.1,0.75,0.44,5.6,1.2,1.4,2.4,-2.1,10.47514509083094,species2_rare,strong,0.88,0.11,5.8
7.8,2.6,1.8,2.8,1.3,0.38,3.8,0.047,1.5,3.2,-3.2,8.554480232025162,species2_rare,strong,0.83,0.084,1.8
8.9,10.0,2.1,1.0,0.86,1.3,0.36,8.3,1.2,1.5,1.4,11.513683337122728,species1_rare,weak,0.86,0.14,5.9
16.0,10.0,0.88,0.55,0.84,0.12,0.27,17.0,0.68,5.1,37.0,509.24287171242986,species1_rare,weak,1.0,0.0005,12.0
11.0,11.0,0.47,2.3,1.6,0.4,16.0,1.3,1.4,1.1,1.9,-7.327005064074723,species2_rare,weak,0.85,0.14,9.4
19.0,13.0,2.6,1.8,2.2,0.053,1.4,6.6,0.82,14.0,34.0,558.2408896039871,species1_rare,weak,0.99,0.013,7.8
18.0,3.4,2.9,2.8,1.2,0.01,5.5,0.86,1.7,17.0,-35.0,-503.88746872936383,species2_rare,strong,0.96,0.026,2.7
4.1,14.0,1.7,1.6,0.4,1.1,0.02,7.7,3.3,1.3,-7.6,36.14174730087873,species1_rare,strong,0.97,0.021,3.4
18.0,11.0,0.6,1.9,0.45,0.019,25.0,5.3,3.2,12.0,-84.0,-4562.49275571624,species2_rare,strong,0.97,0.0,130.0
1.6,15.0,2.1,2.3,0.078,2.0,0.056,6.0,10.0,1.0,-27.0,15.541947479694649,species1_rare,strong,0.94,0.031,1.7
18.0,12.0,1.1,0.96,0.19,0.63,15.0,1.6,3.7,1.7,14.0,502.47194711903205,species2_rare,weak,1.0,0.0,11.0
1.5,20.0,1.9,2.8,0.063,0.68,0.057,6.9,14.0,1.3,-43.0,88.50838586778815,species1_rare,strong,0.99,0.003,1.8
16.0,8.8,1.2,0.97,0.11,0.43,12.0,2.8,4.7,2.5,10.0,547.4356851598583,species2_rare,weak,1.0,0.0005,13.0
8.2,19.0,1.7,2.3,0.83,1.9,0.83,7.0,2.5,0.92,-4.9,12.883885331345834,species1_rare,strong,0.88,0.11,6.3
5.3,17.0,1.5,1.8,0.28,1.1,1.3,8.1,4.9,1.3,-12.0,20.15325541851882,species1_rare,strong,0.98,0.015,5.7
19.0,8.5,1.1,2.5,0.67,0.32,16.0,0.96,2.8,3.0,-1.8,128.56682683502694,species2_rare,strong,1.0,0.0,5.4
8.2,7.7,2.7,2.4,2.5,0.45,0.19,2.7,0.99,3.7,3.5,15.321077354918504,species1_rare,weak,0.74,0.19,2.8
9.2,5.4,2.2,3.0,1.8,0.9,3.3,0.49,1.5,2.1,-0.9,2.7604052202123963,species2_rare,strong,0.7,0.21,2.5
3.6,4.6,0.96,2.5,0.9,1.0,2.2,0.6,2.0,0.97,0.81,0.3875673693918399,species2_rare,weak,0.56,0.3,2.1
9.0,3.0,0.47,2.1,1.9,0.06,15.0,0.52,1.0,4.4,-24.0,-90.81148636433295,species2_rare,strong,0.93,0.054,2.7
3.6,11.0,2.9,2.8,0.4,2.3,0.47,3.2,4.6,1.2,-4.7,0.49981329107742706,species1_rare,strong,0.74,0.15,2.1
9.4,4.4,0.8,2.0,1.3,0.055,8.0,1.5,1.4,6.0,-15.0,-154.85059526760287,species2_rare,strong,0.93,0.062,4.8
3.6,3.6,3.0,2.6,2.3,0.27,0.099,1.0,1.1,2.9,0.81,3.9099211410167585,species1_rare,weak,0.51,0.22,1.4
7.7,16.0,1.7,2.7,1.2,1.5,0.34,5.3,2.1,1.2,-2.4,14.13505922277495,species1_rare,strong,0.84,0.14,4.9
11.0,9.2,2.3,2.8,1.2,1.8,3.8,0.48,2.0,1.3,1.3,7.318801222657135,species2_rare,weak,0.73,0.22,3.6
18.0,9.6,1.7,0.78,1.3,0.36,1.8,10.0,0.62,4.0,14.0,52.626239476848966,species1_rare,weak,0.98,0.016,13.0
13.0,17.0,0.52,2.3,0.15,0.25,22.0,4.7,8.3,1.9,56.0,276.6380265301095,species2_rare,weak,1.0,0.0,43.0
13.0,7.2,1.2,0.44,0.36,0.54,9.9,1.9,1.2,2.0,-3.3,76.13253442939285,species2_rare,strong,0.99,0.011,15.0
15.0,8.5,1.8,3.0,0.75,0.87,8.0,0.18,2.9,1.9,4.0,62.23352722347438,species2_rare,weak,0.99,0.0095,4.0
12.0,9.0,2.8,1.1,0.91,0.22,1.9,6.6,1.2,6.6,13.0,63.46927058178916,species1_rare,weak,0.98,0.02,7.6
15.0,18.0,2.8,2.7,2.0,1.7,0.78,5.7,1.3,1.6,0.62,10.736648590594404,species1_rare,weak,0.82,0.17,6.0
6.8,14.0,0.26,2.9,1.2,0.077,0.35,4.6,2.1,2.5,0.8,322.8819143447978,species1_rare,weak,0.85,0.14,10.0
11.0,13.0,2.1,2.8,0.46,2.3,4.8,0.2,4.3,0.92,7.8,40.77343686167832,species2_rare,weak,0.9,0.084,4.8
7.5,17.0,2.9,2.4,0.76,0.46,0.42,6.8,2.8,3.7,3.0,102.89187290282202,species1_rare,weak,0.99,0.0085,3.7
10.0,14.0,1.7,1.9,1.2,0.73,0.84,6.6,1.5,2.0,1.4,33.479777729280464,species1_rare,weak,0.94,0.057,7.1
12.0,10.0,1.9,1.2,1.2,0.7,1.4,7.3,0.97,2.3,4.1,18.20661595675104,species1_rare,weak,0.91,0.091,8.9
7.6,12.0,2.6,2.3,1.0,0.95,0.73,4.5,2.0,2.2,0.47,13.732743862214743,species1_rare,weak,0.86,0.11,3.9
4.9,1.4,1.7,1.2,2.6,0.029,2.0,0.25,0.76,4.6,-3.3,-7.322343844252874,species2_rare,strong,0.43,0.31,1.6
6.1,15.0,3.0,0.75,0.17,2.5,0.78,16.0,3.5,1.2,-18.0,-52.393524791293416,species1_rare,strong,0.96,0.033,4.0
11.0,15.0,0.75,2.9,1.4,0.95,11.0,1.2,1.9,0.81,5.5,4.04934262194419,species2_rare,weak,0.8,0.2,9.3
12.0,3.3,3.0,3.0,1.9,0.031,3.2,0.73,1.3,11.0,-11.0,-79.38224062031203,species2_rare,strong,0.77,0.14,2.2
12.0,8.3,0.44,1.1,0.17,0.23,24.0,1.6,4.0,1.8,25.0,565.4751911505928,species2_rare,weak,1.0,0.0,8.8
1.3,8.2,1.3,1.2,0.034,1.6,0.08,6.0,6.8,0.96,-17.0,4.263890854558921,species1_rare,strong,0.9,0.053,1.9
8.7,3.2,3.0,0.92,2.3,0.076,0.76,2.4,0.49,7.3,5.5,21.012079086143753,species1_rare,weak,0.71,0.22,2.9
9.2,7.7,2.6,2.8,0.57,1.4,3.0,0.97,3.2,1.7,1.5,10.049465573208183,species2_rare,weak,0.74,0.2,3.3
3.7,14.0,2.7,3.0,0.55,0.64,0.12,4.3,4.1,2.3,-3.8,38.91993208909712,species1_rare,strong,0.94,0.035,2.3
3.0,6.7,0.73,0.99,0.21,0.62,1.2,5.0,3.0,1.1,-3.6,6.037370684907039,species1_rare,strong,0.83,0.15,5.1
9.4,15.0,1.6,2.2,0.99,0.61,1.5,6.0,2.0,2.2,0.48,35.70768953278545,species1_rare,weak,0.94,0.06,7.5
4.8,14.0,2.9,2.9,0.56,2.4,0.54,4.1,4.0,1.1,-5.0,3.2132678816422313,species1_rare,strong,0.8,0.14,2.6
4.6,5.1,1.2,2.9,2.2,0.28,0.42,1.4,1.2,2.4,0.57,5.416097047978683,species1_rare,weak,0.49,0.35,2.0
18.0,16.0,1.2,1.1,1.0,0.031,3.4,13.0,1.1,13.0,57.0,2241.337518424988,species1_rare,weak,1.0,0.0005,17.0
9.4,7.9,2.7,2.0,2.3,0.14,0.18,3.5,0.89,6.5,9.2,76.21304430103568,species1_rare,weak,0.86,0.099,3.4
15.0,16.0,1.6,0.83,0.71,0.3,1.0,17.0,1.2,4.2,25.0,311.65803523842277,species1_rare,weak,1.0,0.0,9.3
2.5,20.0,0.62,1.9,0.14,2.1,0.26,9.8,8.1,0.41,-37.0,26.064071335963483,species1_rare,strong,0.96,0.038,4.9
3.1,5.0,0.35,2.7,1.4,0.36,0.11,1.5,1.6,0.98,-0.43,3.3886489969636915,species1_rare,strong,0.42,0.44,2.2
10.0,19.0,1.7,2.8,0.049,3.0,5.3,0.85,15.0,0.6,31.0,400.1032988732874,species2_rare,weak,0.95,0.042,6.4
14.0,14.0,2.5,2.4,1.9,0.023,1.0,5.5,1.2,13.0,25.0,1277.2945710662887,species1_rare,weak,0.97,0.025,6.0
11.0,11.0,1.6,2.7,1.2,1.2,5.0,1.4,2.0,1.3,1.3,3.7697799975480657,species2_rare,weak,0.76,0.23,5.8
1.8,1.2,2.4,2.6,0.8,0.6,0.34,0.013,1.2,1.5,-0.06,0.14723779958912486,species2_rare,strong,0.33,0.2,1.1
8.8,7.0,2.7,2.3,0.28,1.5,2.8,0.68,4.0,1.6,2.6,26.22561226468184,species2_rare,weak,0.76,0.18,3.2
9.8,13.0,2.6,2.8,2.0,0.28,0.17,4.2,1.4,5.0,7.3,78.19098281834572,species1_rare,weak,0.91,0.066,3.8
8.7,7.0,2.9,2.3,0.61,2.0,2.6,0.41,2.7,1.4,1.4,10.472672963407472,species2_rare,weak,0.69,0.23,2.8
9.1,17.0,0.84,1.7,0.42,1.6,9.2,1.0,3.5,0.56,12.0,37.994533070004195,species2_rare,weak,0.94,0.059,11.0
16.0,11.0,1.4,1.7,0.42,0.86,11.0,0.33,3.1,1.6,8.2,157.62329177006288,species2_rare,weak,1.0,0.0,6.6
15.0,5.4,2.9,1.7,0.75,0.47,4.6,1.4,1.8,4.7,-4.6,19.454505727355908,species2_rare,strong,0.9,0.089,5.1
2.1,1.8,2.7,0.83,0.81,1.8,0.41,0.04,1.0,1.2,-0.037,0.08492492752792083,species2_rare,strong,0.29,0.31,1.2
13.0,8.1,2.7,1.8,1.0,1.2,4.3,0.97,1.6,2.0,-0.63,12.215931535875455,species2_rare,strong,0.78,0.2,5.2
19.0,7.2,1.1,1.9,2.5,0.096,10.0,2.8,0.79,7.5,-25.0,-168.93375430710003,species2_rare,strong,0.93,0.065,13.0
10.0,13.0,1.8,2.4,0.53,2.3,5.2,0.068,3.6,0.79,7.2,32.675208679093224,species2_rare,weak,0.88,0.11,5.5
8.3,4.4,0.45,1.3,1.1,0.11,13.0,1.5,1.2,2.9,-10.0,-54.20123693778596,species2_rare,strong,0.95,0.043,6.4
17.0,2.1,2.6,1.6,1.9,0.13,5.7,0.21,0.9,9.4,-24.0,13.473859159942338,species2_rare,strong,0.94,0.039,2.3
11.0,12.0,2.3,0.47,0.39,2.2,1.7,16.0,1.2,1.1,-0.84,-9.072754123808116,species1_rare,strong,0.67,0.33,9.4
9.4,15.0,2.8,2.8,1.3,2.0,1.1,4.2,2.1,1.3,-1.2,3.5678202337884324,species1_rare,strong,0.74,0.23,4.3
7.2,16.0,2.5,0.09,0.017,2.6,1.7,120.0,4.3,0.98,-190.0,-11919.245106905682,species1_rare,strong,0.98,0.02,7.5
6.3,6.1,2.0,0.33,0.33,0.3,0.095,15.0,0.99,3.5,19.0,105.82512829942438,species1_rare,weak,1.0,0.0035,4.4
17.0,3.4,2.3,2.9,1.5,0.25,6.8,0.24,1.5,6.3,-16.0,25.496324086142092,species2_rare,strong,0.97,0.019,2.4
17.0,16.0,2.2,2.2,1.0,1.8,6.4,1.7,2.0,1.2,1.8,17.033731961893817,species2_rare,weak,0.89,0.11,9.4
20.0,16.0,0.63,1.4,1.6,0.51,20.0,4.1,0.88,1.2,-2.7,-1.7755762838136824,species2_rare,strong,0.59,0.41,23.0
17.0,9.1,1.1,1.7,0.95,0.24,12.0,3.1,1.7,3.8,-9.5,-33.798283149555914,species2_rare,strong,1.0,0.001,16.0
2.2,4.8,0.96,2.6,0.8,2.0,0.026,1.4,2.2,0.63,-1.1,0.4429067897667931,species1_rare,strong,0.35,0.4,1.6
4.4,7.9,0.03,2.2,0.9,0.01,23.0,3.1,2.1,2.0,0.4,-5516.4687202933055,species2_rare,weak,0.65,0.34,13.0
7.8,7.6,1.5,2.7,1.5,1.1,3.5,1.0,1.7,1.3,0.41,0.786326375618317,species2_rare,weak,0.63,0.31,3.4
3.5,2.9,1.9,2.5,1.2,1.0,1.2,0.28,1.5,1.5,0.02,0.408111402863632,species2_rare,weak,0.46,0.26,1.5
5.1,8.9,1.6,2.8,0.28,2.7,2.5,0.42,4.9,0.64,4.5,11.675141078601259,species2_rare,weak,0.69,0.24,2.8
15.0,19.0,1.8,1.6,0.87,2.2,7.3,1.1,1.7,0.84,2.7,14.361043039810875,species2_rare,weak,0.76,0.24,11.0
8.4,14.0,2.5,0.19,0.019,1.6,2.6,46.0,6.1,1.4,-100.0,-6958.920782338576,species1_rare,strong,0.99,0.007,13.0
13.0,11.0,0.96,2.2,0.5,0.54,11.0,1.7,3.4,1.7,8.2,64.08155662892364,species2_rare,weak,1.0,0.0005,7.8
15.0,16.0,1.6,1.6,1.4,1.4,0.56,9.1,1.1,1.1,0.16,8.690928174178373,species1_rare,weak,0.71,0.29,11.0
11.0,20.0,2.7,1.6,0.53,0.88,1.6,11.0,2.7,2.6,-0.44,49.15925332278866,species1_rare,strong,1.0,0.0005,7.3
4.8,9.8,0.39,0.81,0.25,0.021,2.7,11.0,2.6,4.0,5.4,1621.990833761996,species1_rare,weak,1.0,0.001,13.0
11.0,6.5,0.69,1.9,0.83,0.2,13.0,1.6,1.9,2.8,-4.9,-21.591351224287013,species2_rare,strong,0.99,0.005,6.7
11.0,13.0,0.93,0.91,0.64,0.13,1.9,13.0,1.4,4.5,17.0,413.2382789078806,species1_rare,weak,1.0,0.0,12.0
17.0,15.0,1.4,2.7,1.3,1.2,12.0,0.24,2.0,1.1,4.7,39.35941432498063,species2_rare,weak,0.98,0.02,7.6
5.6,12.0,2.8,0.68,0.21,2.6,0.56,14.0,2.7,1.1,-11.0,-17.387551757174663,species1_rare,strong,0.91,0.075,3.7
15.0,8.8,2.9,3.0,0.53,1.1,4.5,1.0,3.7,2.4,2.2,35.935571485198054,species2_rare,weak,0.92,0.064,4.5
7.2,9.8,1.5,2.8,0.94,1.9,3.9,0.48,2.4,0.79,2.8,5.018380076419692,species2_rare,weak,0.69,0.27,3.6
18.0,6.4,2.6,2.3,1.9,0.37,5.5,1.5,1.1,5.3,-8.2,-3.3440956989287116,species2_rare,strong,0.89,0.1,5.3
5.6,20.0,1.6,1.9,0.4,2.3,0.55,9.3,3.9,0.73,-14.0,15.596229264295882,species1_rare,strong,0.94,0.05,5.0
7.2,6.8,1.5,2.2,1.7,1.3,3.4,0.72,1.2,1.1,0.081,0.6741553402012795,species2_rare,weak,0.52,0.4,3.0
6.4,15.0,2.2,2.3,0.9,2.8,0.14,5.7,2.4,0.83,-4.3,6.581534472337736,species1_rare,strong,0.75,0.21,3.6
17.0,20.0,1.7,1.8,1.3,0.49,1.7,9.9,1.3,2.9,6.6,107.57871750156303,species1_rare,weak,1.0,0.0045,11.0
7.6,16.0,1.9,1.8,0.5,1.4,1.6,7.2,3.1,1.3,-5.1,7.06236519073361,species1_rare,strong,0.95,0.05,7.0
17.0,13.0,2.6,1.4,0.88,1.8,6.1,0.65,1.6,1.4,0.46,27.518169737997397,species2_rare,weak,0.88,0.12,8.5
15.0,13.0,1.4,2.1,0.82,0.89,9.2,1.6,2.2,1.5,2.8,34.50308081809976,species2_rare,weak,0.99,0.015,8.9
17.0,16.0,2.8,2.1,2.2,0.33,0.44,6.7,0.99,5.8,15.0,118.18706651693968,species1_rare,weak,0.99,0.013,5.8
19.0,8.0,2.8,0.63,1.4,0.17,0.98,11.0,0.49,9.0,43.0,167.71855288200447,species1_rare,weak,1.0,0.0,7.8
19.0,15.0,2.5,1.8,1.0,1.9,6.8,0.82,1.7,1.3,1.3,28.836289151329733,species2_rare,weak,0.9,0.095,8.9
2.6,14.0,1.2,1.9,0.023,3.0,1.3,4.9,12.0,0.51,-20.0,-107.53752754220316,species1_rare,strong,0.76,0.19,3.5
8.0,9.8,1.8,2.3,0.86,2.0,3.5,0.82,2.3,0.92,1.9,5.190220561536418,species2_rare,weak,0.65,0.3,4.0
19.0,14.0,2.3,2.1,0.73,1.4,7.0,1.8,2.6,1.7,2.4,42.08411862745171,species2_rare,weak,0.97,0.023,9.0
13.0,14.0,0.97,1.7,0.28,1.1,12.0,0.7,4.5,0.93,20.0,179.02249621611918,species2_rare,weak,1.0,0.0015,8.4
5.3,11.0,2.4,1.9,0.2,1.0,1.4,4.6,5.4,1.9,-5.6,-12.051368282992915,species1_rare,strong,0.89,0.09,4.3
10.0,2.5,0.61,0.68,2.2,0.091,14.0,0.32,0.43,4.3,-27.0,5.524384585286563,species2_rare,strong,0.81,0.18,4.9
18.0,9.2,1.1,1.9,0.52,0.53,14.0,0.25,2.8,2.0,5.9,189.78186080245075,species2_rare,weak,1.0,0.0,5.7
6.5,19.0,2.9,2.1,0.11,0.6,1.6,8.5,9.8,3.0,-24.0,-41.33285308919221,species1_rare,strong,1.0,0.0025,5.0
16.0,17.0,2.9,0.94,0.32,1.1,3.7,13.0,2.6,2.4,-1.0,-88.59899678595505,species1_rare,strong,0.99,0.011,24.0
2.0,12.0,1.3,3.0,0.045,0.017,0.69,3.7,10.0,2.0,-12.0,926.4034883215797,species1_rare,strong,0.92,0.045,2.8
4.9,14.0,2.4,3.0,0.22,0.44,1.3,4.0,7.1,2.8,-5.9,18.4799970148708,species1_rare,strong,0.9,0.072,3.8
5.2,2.2,2.8,1.6,0.37,0.61,1.5,0.21,1.7,2.7,-0.62,6.300433053374523,species2_rare,strong,0.59,0.23,1.7
14.0,10.0,2.6,0.83,0.99,0.93,1.3,9.3,0.85,2.5,6.7,10.925911973225357,species1_rare,weak,0.9,0.093,8.4
14.0,5.3,2.1,0.75,1.2,0.67,5.8,0.5,0.68,2.8,-5.6,13.368902037493687,species2_rare,strong,0.79,0.2,6.7
14.0,17.0,2.8,2.8,2.0,0.92,0.64,5.5,1.4,2.7,3.1,29.60337777368859,species1_rare,weak,0.92,0.068,5.6
